pk_date,userProfilePK,calendarDate,algorithmVersion,avgWakingRespirationValue,highestRespirationValue,latestRespirationTimeGMT,latestRespirationValue,lowestRespirationValue
2022-05-14,104768835,2022-05-14,,13.0,15.0,2022-05-14T22:00:00.0,13.0,12.0
2022-05-15,104768835,2022-05-15,,13.0,17.0,2022-05-15T22:00:00.0,13.0,9.0
2022-05-16,104768835,2022-05-16,,14.0,21.0,2022-05-16T22:00:00.0,13.0,9.0
2022-05-17,104768835,2022-05-17,,13.0,20.0,2022-05-17T22:00:00.0,14.0,10.0
2022-05-18,104768835,2022-05-18,,13.0,21.0,2022-05-18T22:00:00.0,13.0,9.0
2022-05-19,104768835,2022-05-19,,13.0,16.0,2022-05-19T22:00:00.0,13.0,3.0
2022-05-20,104768835,2022-05-20,,13.0,23.0,2022-05-20T22:00:00.0,12.0,9.0
2022-05-21,104768835,2022-05-21,,14.0,24.0,2022-05-21T22:00:00.0,12.0,10.0
2022-05-22,104768835,2022-05-22,,14.0,20.0,2022-05-22T22:00:00.0,14.0,10.0
2022-05-23,104768835,2022-05-23,,14.0,21.0,2022-05-23T22:00:00.0,12.0,9.0
2022-05-24,104768835,2022-05-24,,13.0,17.0,2022-05-24T22:00:00.0,14.0,9.0
2022-05-25,104768835,2022-05-25,,14.0,24.0,2022-05-25T22:00:00.0,15.0,11.0
2022-05-26,104768835,2022-05-26,,13.0,17.0,2022-05-26T22:00:00.0,14.0,10.0
2022-05-27,104768835,2022-05-27,,13.0,19.0,2022-05-27T22:00:00.0,12.0,10.0
2022-05-28,104768835,2022-05-28,,14.0,23.0,2022-05-28T22:00:00.0,13.0,10.0
2022-05-29,104768835,2022-05-29,,14.0,25.0,2022-05-29T22:00:00.0,22.0,11.0
2022-05-30,104768835,2022-05-30,,14.0,24.0,2022-05-30T22:00:00.0,18.0,9.0
2022-05-31,104768835,2022-05-31,,14.0,22.0,2022-05-31T22:00:00.0,14.0,11.0
2022-06-01,104768835,2022-06-01,,14.0,21.0,2022-06-01T22:00:00.0,14.0,10.0
2022-06-02,104768835,2022-06-02,,13.0,20.0,2022-06-02T22:00:00.0,13.0,10.0
2022-06-03,104768835,2022-06-03,,14.0,20.0,2022-06-03T22:00:00.0,13.0,10.0
2022-06-04,104768835,2022-06-04,,14.0,19.0,2022-06-04T21:11:00.0,14.0,9.0
2022-06-05,104768835,2022-06-05,,13.0,16.0,2022-06-05T22:00:00.0,14.0,9.0
2022-06-06,104768835,2022-06-06,,13.0,21.0,2022-06-06T22:00:00.0,13.0,11.0
2022-06-07,104768835,2022-06-07,,13.0,18.0,2022-06-07T22:00:00.0,14.0,11.0
2022-06-08,104768835,2022-06-08,,14.0,22.0,2022-06-08T22:00:00.0,12.0,10.0
2022-06-09,104768835,2022-06-09,,14.0,25.0,2022-06-09T22:00:00.0,14.0,11.0
2022-06-10,104768835,2022-06-10,,14.0,22.0,2022-06-10T22:00:00.0,14.0,11.0
2022-06-11,104768835,2022-06-11,,14.0,21.0,2022-06-11T22:00:00.0,12.0,9.0
2022-06-12,104768835,2022-06-12,,14.0,24.0,2022-06-12T18:31:00.0,13.0,9.0
2022-06-13,104768835,2022-06-13,,13.0,16.0,2022-06-13T21:58:00.0,13.0,4.0
2022-06-14,104768835,2022-06-14,,14.0,23.0,2022-06-14T22:00:00.0,15.0,10.0
2022-06-15,104768835,2022-06-15,,14.0,20.0,2022-06-15T22:00:00.0,13.0,10.0
2022-06-16,104768835,2022-06-16,,14.0,19.0,2022-06-16T22:00:00.0,13.0,10.0
2022-06-17,104768835,2022-06-17,,13.0,21.0,2022-06-17T22:00:00.0,13.0,9.0
2022-06-18,104768835,2022-06-18,,13.0,19.0,2022-06-18T22:00:00.0,13.0,9.0
2022-06-19,104768835,2022-06-19,,13.0,22.0,2022-06-19T22:00:00.0,21.0,10.0
2022-06-20,104768835,2022-06-20,,13.0,21.0,2022-06-20T22:00:00.0,14.0,11.0
2022-06-21,104768835,2022-06-21,,13.0,20.0,2022-06-21T22:00:00.0,13.0,9.0
2022-06-22,104768835,2022-06-22,,13.0,22.0,2022-06-22T22:00:00.0,14.0,9.0
2022-06-23,104768835,2022-06-23,,14.0,19.0,2022-06-23T22:00:00.0,15.0,11.0
2022-06-24,104768835,2022-06-24,,14.0,19.0,2022-06-24T22:00:00.0,14.0,11.0
2022-06-25,104768835,2022-06-25,,13.0,20.0,2022-06-25T22:00:00.0,13.0,9.0
2022-06-26,104768835,2022-06-26,,13.0,23.0,2022-06-26T20:24:00.0,13.0,11.0
2022-06-27,104768835,2022-06-27,,14.0,20.0,2022-06-27T20:29:00.0,14.0,11.0
2022-06-28,104768835,2022-06-28,,13.0,18.0,2022-06-28T20:10:00.0,14.0,12.0
2022-06-29,104768835,2022-06-29,,14.0,21.0,2022-06-29T20:49:00.0,13.0,12.0
2022-06-30,104768835,2022-06-30,,14.0,21.0,2022-06-30T20:40:00.0,15.0,11.0
2022-07-01,104768835,2022-07-01,,13.0,16.0,2022-07-01T22:00:00.0,13.0,10.0
2022-07-02,104768835,2022-07-02,,13.0,17.0,2022-07-02T22:00:00.0,15.0,9.0
2022-07-03,104768835,2022-07-03,,13.0,19.0,2022-07-03T20:51:00.0,12.0,10.0
2022-07-04,104768835,2022-07-04,,14.0,21.0,2022-07-04T22:00:00.0,13.0,9.0
2022-07-05,104768835,2022-07-05,,14.0,20.0,2022-07-05T17:10:00.0,13.0,11.0
2022-07-06,104768835,2022-07-06,,14.0,19.0,2022-07-06T20:58:00.0,14.0,11.0
2022-07-07,104768835,2022-07-07,,14.0,18.0,2022-07-07T22:00:00.0,13.0,11.0
2022-07-08,104768835,2022-07-08,,14.0,19.0,2022-07-08T22:00:00.0,12.0,9.0
2022-07-09,104768835,2022-07-09,,14.0,20.0,2022-07-09T18:45:00.0,13.0,11.0
2022-07-10,104768835,2022-07-10,,13.0,20.0,2022-07-10T20:52:00.0,14.0,11.0
2022-07-11,104768835,2022-07-11,,13.0,15.0,2022-07-11T20:27:00.0,13.0,12.0
2022-07-12,104768835,2022-07-12,,13.0,15.0,2022-07-12T21:34:00.0,14.0,12.0
2022-07-13,104768835,2022-07-13,,13.0,17.0,2022-07-13T22:00:00.0,11.0,11.0
2022-07-14,104768835,2022-07-14,,14.0,15.0,2022-07-14T20:43:00.0,14.0,10.0
2022-07-16,104768835,2022-07-16,,14.0,22.0,2022-07-16T21:09:00.0,18.0,11.0
2022-07-17,104768835,2022-07-17,,14.0,20.0,2022-07-17T21:36:00.0,15.0,12.0
2022-07-18,104768835,2022-07-18,,14.0,18.0,2022-07-18T20:51:00.0,14.0,11.0
2022-07-19,104768835,2022-07-19,,13.0,18.0,2022-07-19T20:36:00.0,13.0,9.0
2022-07-20,104768835,2022-07-20,,13.0,16.0,2022-07-20T22:00:00.0,13.0,12.0
2022-07-21,104768835,2022-07-21,,13.0,19.0,2022-07-21T20:46:00.0,13.0,10.0
2022-07-22,104768835,2022-07-22,,13.0,20.0,2022-07-22T22:00:00.0,12.0,11.0
2022-07-23,104768835,2022-07-23,,14.0,20.0,2022-07-23T22:00:00.0,12.0,10.0
2022-07-24,104768835,2022-07-24,,13.0,20.0,2022-07-24T22:00:00.0,13.0,8.0
2022-07-25,104768835,2022-07-25,,13.0,21.0,2022-07-25T20:05:00.0,12.0,9.0
2022-07-26,104768835,2022-07-26,,13.0,20.0,2022-07-26T15:42:00.0,14.0,12.0
2022-07-27,104768835,2022-07-27,,14.0,20.0,2022-07-27T20:58:00.0,13.0,11.0
2022-07-28,104768835,2022-07-28,,14.0,20.0,2022-07-28T20:05:00.0,12.0,12.0
2022-07-29,104768835,2022-07-29,,14.0,22.0,2022-07-29T19:54:00.0,13.0,10.0
2022-07-30,104768835,2022-07-30,,14.0,17.0,2022-07-30T17:44:00.0,15.0,11.0
2022-07-31,104768835,2022-07-31,,12.0,16.0,2022-07-31T18:00:00.0,12.0,10.0
2022-08-01,104768835,2022-08-01,,13.0,17.0,2022-08-01T18:06:00.0,13.0,10.0
2022-08-02,104768835,2022-08-02,,13.0,16.0,2022-08-02T16:17:00.0,14.0,12.0
2022-08-03,104768835,2022-08-03,,14.0,16.0,2022-08-03T18:37:00.0,13.0,13.0
2022-08-04,104768835,2022-08-04,,14.0,16.0,2022-08-04T18:13:00.0,16.0,13.0
2022-08-05,104768835,2022-08-05,,13.0,15.0,2022-08-05T16:50:00.0,14.0,11.0
2022-08-06,104768835,2022-08-06,,16.0,24.0,2022-08-06T17:05:00.0,14.0,12.0
2022-08-07,104768835,2022-08-07,,16.0,20.0,2022-08-07T18:22:00.0,14.0,14.0
2022-08-08,104768835,2022-08-08,,18.0,23.0,2022-08-08T20:37:00.0,21.0,11.0
2022-08-10,104768835,2022-08-10,,14.0,15.0,2022-08-10T11:50:00.0,15.0,13.0
2022-08-12,104768835,2022-08-12,,16.0,16.0,2022-08-12T12:27:00.0,16.0,16.0
2022-08-15,104768835,2022-08-15,,16.0,21.0,2022-08-15T19:52:00.0,14.0,12.0
2022-08-16,104768835,2022-08-16,,14.0,21.0,2022-08-16T19:53:00.0,12.0,11.0
2022-08-17,104768835,2022-08-17,,15.0,20.0,2022-08-17T19:10:00.0,17.0,11.0
2022-08-18,104768835,2022-08-18,,14.0,19.0,2022-08-18T20:08:00.0,13.0,11.0
2022-08-19,104768835,2022-08-19,,13.0,17.0,2022-08-19T20:00:00.0,15.0,9.0
2022-08-20,104768835,2022-08-20,,14.0,20.0,2022-08-20T20:47:00.0,13.0,10.0
2022-08-21,104768835,2022-08-21,,14.0,18.0,2022-08-21T19:59:00.0,13.0,13.0
2022-08-22,104768835,2022-08-22,,13.0,20.0,2022-08-22T20:17:00.0,14.0,10.0
2022-08-23,104768835,2022-08-23,,13.0,19.0,2022-08-23T21:08:00.0,13.0,8.0
2022-08-24,104768835,2022-08-24,,17.0,26.0,2022-08-24T16:25:00.0,15.0,12.0
2022-08-26,104768835,2022-08-26,,15.0,19.0,2022-08-26T16:13:00.0,13.0,13.0
2022-08-27,104768835,2022-08-27,,13.0,17.0,2022-08-27T14:43:00.0,13.0,12.0
2022-08-28,104768835,2022-08-28,,14.0,22.0,2022-08-28T13:10:00.0,15.0,12.0
2022-08-29,104768835,2022-08-29,,14.0,20.0,2022-08-29T21:28:00.0,13.0,12.0
2022-08-30,104768835,2022-08-30,,13.0,15.0,2022-08-30T10:48:00.0,13.0,10.0
2022-08-31,104768835,2022-08-31,,14.0,20.0,2022-08-31T13:20:00.0,15.0,11.0
2022-09-01,104768835,2022-09-01,,23.0,23.0,2022-09-01T05:28:00.0,22.0,22.0
2022-09-02,104768835,2022-09-02,,13.0,19.0,2022-09-02T21:09:00.0,12.0,10.0
2022-09-03,104768835,2022-09-03,,14.0,20.0,2022-09-03T09:54:00.0,13.0,12.0
2022-09-04,104768835,2022-09-04,,16.0,17.0,2022-09-04T16:29:00.0,16.0,16.0
2022-09-05,104768835,2022-09-05,,15.0,20.0,2022-09-05T16:41:00.0,15.0,13.0
2022-09-07,104768835,2022-09-07,,13.0,17.0,2022-09-07T22:00:00.0,14.0,12.0
2022-09-08,104768835,2022-09-08,,13.0,15.0,2022-09-08T05:06:00.0,14.0,9.0
2022-09-10,104768835,2022-09-10,,14.0,19.0,2022-09-10T11:34:00.0,12.0,11.0
2022-09-11,104768835,2022-09-11,,2.0,2.0,2022-09-11T16:50:00.0,2.0,2.0
2022-09-13,104768835,2022-09-13,,14.0,20.0,2022-09-13T19:05:00.0,13.0,12.0
2022-09-14,104768835,2022-09-14,,15.0,20.0,2022-09-14T16:28:00.0,15.0,12.0
2022-09-20,104768835,2022-09-20,,14.0,21.0,2022-09-20T18:43:00.0,15.0,12.0
2022-09-22,104768835,2022-09-22,,14.0,18.0,2022-09-22T16:09:00.0,14.0,12.0
2022-09-23,104768835,2022-09-23,,14.0,20.0,2022-09-23T15:17:00.0,13.0,12.0
2022-09-24,104768835,2022-09-24,,13.0,19.0,2022-09-24T10:32:00.0,14.0,12.0
2022-09-27,104768835,2022-09-27,,13.0,17.0,2022-09-27T19:15:00.0,13.0,10.0
2022-09-28,104768835,2022-09-28,,14.0,17.0,2022-09-28T21:06:00.0,14.0,12.0
2022-10-01,104768835,2022-10-01,,14.0,21.0,2022-10-01T21:50:00.0,13.0,11.0
2022-10-02,104768835,2022-10-02,,13.0,17.0,2022-10-02T13:24:00.0,14.0,11.0
2022-10-03,104768835,2022-10-03,,14.0,20.0,2022-10-03T18:29:00.0,13.0,12.0
2022-10-04,104768835,2022-10-04,,14.0,14.0,2022-10-04T20:16:00.0,13.0,13.0
2022-10-06,104768835,2022-10-06,,14.0,17.0,2022-10-06T15:57:00.0,14.0,11.0
2022-10-08,104768835,2022-10-08,,13.0,15.0,2022-10-08T11:07:00.0,14.0,10.0
2022-10-10,104768835,2022-10-10,,14.0,16.0,2022-10-10T20:42:00.0,15.0,12.0
2022-10-11,104768835,2022-10-11,,14.0,20.0,2022-10-11T21:13:00.0,14.0,11.0
2022-10-12,104768835,2022-10-12,,14.0,19.0,2022-10-12T21:02:00.0,18.0,11.0
2022-10-13,104768835,2022-10-13,,13.0,19.0,2022-10-13T20:14:00.0,12.0,10.0
2022-10-14,104768835,2022-10-14,,14.0,20.0,2022-10-14T21:43:00.0,13.0,12.0
2022-10-15,104768835,2022-10-15,,13.0,16.0,2022-10-15T21:52:00.0,14.0,10.0
2022-10-16,104768835,2022-10-16,,14.0,17.0,2022-10-16T18:13:00.0,14.0,12.0
2022-10-17,104768835,2022-10-17,,14.0,20.0,2022-10-17T21:08:00.0,14.0,11.0
2022-10-18,104768835,2022-10-18,,14.0,19.0,2022-10-18T20:15:00.0,13.0,12.0
2022-10-19,104768835,2022-10-19,,13.0,16.0,2022-10-19T20:48:00.0,13.0,10.0
2022-10-20,104768835,2022-10-20,,13.0,19.0,2022-10-20T16:57:00.0,14.0,10.0
2022-10-21,104768835,2022-10-21,,13.0,16.0,2022-10-21T19:20:00.0,13.0,9.0
2022-10-24,104768835,2022-10-24,,13.0,16.0,2022-10-24T22:00:00.0,12.0,10.0
2022-10-25,104768835,2022-10-25,,12.0,15.0,2022-10-25T14:58:00.0,13.0,9.0
2022-10-26,104768835,2022-10-26,,13.0,18.0,2022-10-26T19:46:00.0,13.0,11.0
2022-10-27,104768835,2022-10-27,,14.0,21.0,2022-10-27T16:03:00.0,13.0,12.0
2022-10-28,104768835,2022-10-28,,14.0,17.0,2022-10-28T20:19:00.0,15.0,11.0
2022-10-29,104768835,2022-10-29,,14.0,16.0,2022-10-29T09:00:00.0,14.0,12.0
2022-10-31,104768835,2022-10-31,,13.0,17.0,2022-10-31T17:46:00.0,12.0,11.0
2022-11-01,104768835,2022-11-01,,14.0,19.0,2022-11-01T18:24:00.0,15.0,11.0
2022-11-02,104768835,2022-11-02,,14.0,20.0,2022-11-02T23:00:00.0,14.0,11.0
2022-11-03,104768835,2022-11-03,,14.0,19.0,2022-11-03T17:41:00.0,16.0,9.0
2022-11-04,104768835,2022-11-04,,13.0,16.0,2022-11-04T19:53:00.0,12.0,10.0
2022-11-05,104768835,2022-11-05,,14.0,22.0,2022-11-05T20:38:00.0,11.0,10.0
2022-11-06,104768835,2022-11-06,,13.0,16.0,2022-11-06T21:35:00.0,15.0,10.0
2022-11-07,104768835,2022-11-07,,14.0,16.0,2022-11-07T16:14:00.0,13.0,12.0
2022-11-09,104768835,2022-11-09,,13.0,19.0,2022-11-09T20:55:00.0,13.0,10.0
2022-11-10,104768835,2022-11-10,,14.0,15.0,2022-11-10T20:05:00.0,13.0,12.0
2022-11-11,104768835,2022-11-11,,15.0,21.0,2022-11-11T11:00:00.0,14.0,12.0
2022-11-14,104768835,2022-11-14,,13.0,16.0,2022-11-14T21:36:00.0,14.0,11.0
2022-11-15,104768835,2022-11-15,,13.0,20.0,2022-11-15T23:00:00.0,14.0,11.0
2022-11-16,104768835,2022-11-16,,13.0,25.0,2022-11-16T06:25:00.0,13.0,10.0
2022-11-19,104768835,2022-11-19,,14.0,19.0,2022-11-19T21:12:00.0,12.0,10.0
2022-11-20,104768835,2022-11-20,,14.0,19.0,2022-11-20T16:15:00.0,14.0,12.0
2022-11-21,104768835,2022-11-21,,14.0,16.0,2022-11-21T18:10:00.0,12.0,11.0
2022-11-25,104768835,2022-11-25,,14.0,19.0,2022-11-25T17:24:00.0,13.0,12.0
2022-11-26,104768835,2022-11-26,,14.0,19.0,2022-11-26T20:10:00.0,14.0,13.0
2022-11-28,104768835,2022-11-28,,14.0,20.0,2022-11-28T18:00:00.0,14.0,11.0
2022-11-29,104768835,2022-11-29,,14.0,20.0,2022-11-29T22:26:00.0,15.0,10.0
2022-11-30,104768835,2022-11-30,,14.0,18.0,2022-11-30T20:42:00.0,14.0,11.0
2022-12-01,104768835,2022-12-01,,14.0,16.0,2022-12-01T22:25:00.0,13.0,11.0
2022-12-02,104768835,2022-12-02,,14.0,14.0,2022-12-01T23:18:00.0,14.0,14.0
2022-12-04,104768835,2022-12-04,,14.0,15.0,2022-12-04T21:18:00.0,15.0,12.0
2022-12-05,104768835,2022-12-05,,14.0,19.0,2022-12-05T21:13:00.0,13.0,12.0
2022-12-06,104768835,2022-12-06,,14.0,20.0,2022-12-06T21:14:00.0,14.0,11.0
2022-12-07,104768835,2022-12-07,,13.0,16.0,2022-12-07T21:32:00.0,14.0,11.0
2022-12-08,104768835,2022-12-08,,13.0,19.0,2022-12-08T21:31:00.0,14.0,10.0
2022-12-09,104768835,2022-12-09,,14.0,15.0,2022-12-09T10:16:00.0,14.0,10.0
2022-12-10,104768835,2022-12-10,,14.0,20.0,2022-12-10T21:25:00.0,13.0,12.0
2022-12-11,104768835,2022-12-11,,13.0,16.0,2022-12-11T20:49:00.0,13.0,10.0
2022-12-12,104768835,2022-12-12,,13.0,17.0,2022-12-12T10:10:00.0,17.0,8.0
2022-12-13,104768835,2022-12-13,,14.0,22.0,2022-12-13T23:00:00.0,13.0,12.0
2022-12-14,104768835,2022-12-14,,13.0,17.0,2022-12-14T23:00:00.0,13.0,10.0
2022-12-15,104768835,2022-12-15,,13.0,20.0,2022-12-15T23:00:00.0,14.0,10.0
2022-12-16,104768835,2022-12-16,,14.0,19.0,2022-12-16T20:14:00.0,13.0,10.0
2022-12-17,104768835,2022-12-17,,14.0,19.0,2022-12-17T20:05:00.0,15.0,10.0
2022-12-18,104768835,2022-12-18,,14.0,15.0,2022-12-18T18:41:00.0,13.0,13.0
2022-12-19,104768835,2022-12-19,,13.0,17.0,2022-12-19T23:00:00.0,12.0,9.0
2022-12-20,104768835,2022-12-20,,14.0,19.0,2022-12-20T21:20:00.0,14.0,10.0
2022-12-21,104768835,2022-12-21,,14.0,23.0,2022-12-21T23:00:00.0,12.0,11.0
2022-12-22,104768835,2022-12-22,,14.0,16.0,2022-12-22T19:09:00.0,14.0,9.0
2022-12-27,104768835,2022-12-27,,17.0,17.0,2022-12-27T19:32:00.0,17.0,17.0
2022-12-28,104768835,2022-12-28,,14.0,21.0,2022-12-28T22:42:00.0,14.0,12.0
2022-12-29,104768835,2022-12-29,,14.0,20.0,2022-12-29T21:45:00.0,14.0,10.0
2022-12-30,104768835,2022-12-30,,14.0,20.0,2022-12-30T22:53:00.0,14.0,12.0
2022-12-31,104768835,2022-12-31,,13.0,17.0,2022-12-31T19:50:00.0,13.0,10.0
2023-01-01,104768835,2023-01-01,,14.0,19.0,2023-01-01T19:59:00.0,15.0,12.0
2023-01-02,104768835,2023-01-02,,13.0,17.0,2023-01-02T20:55:00.0,13.0,10.0
2023-01-03,104768835,2023-01-03,,13.0,16.0,2023-01-03T21:03:00.0,13.0,12.0
2023-01-04,104768835,2023-01-04,,13.0,15.0,2023-01-04T20:25:00.0,14.0,11.0
2023-01-05,104768835,2023-01-05,,13.0,16.0,2023-01-05T20:53:00.0,14.0,11.0
2023-01-06,104768835,2023-01-06,,13.0,16.0,2023-01-06T14:23:00.0,16.0,12.0
2023-01-07,104768835,2023-01-07,,14.0,15.0,2023-01-07T22:58:00.0,15.0,12.0
2023-01-08,104768835,2023-01-08,,14.0,22.0,2023-01-08T21:43:00.0,13.0,12.0
2023-01-09,104768835,2023-01-09,,14.0,20.0,2023-01-09T21:42:00.0,14.0,11.0
2023-01-10,104768835,2023-01-10,,14.0,20.0,2023-01-10T23:00:00.0,12.0,10.0
2023-01-11,104768835,2023-01-11,,14.0,20.0,2023-01-11T18:36:00.0,14.0,9.0
2023-01-12,104768835,2023-01-12,,13.0,16.0,2023-01-12T17:29:00.0,14.0,10.0
2023-01-13,104768835,2023-01-13,,14.0,21.0,2023-01-13T20:57:00.0,13.0,11.0
2023-01-14,104768835,2023-01-14,,14.0,21.0,2023-01-14T18:38:00.0,13.0,11.0
2023-01-15,104768835,2023-01-15,,13.0,15.0,2023-01-15T19:03:00.0,13.0,12.0
2023-01-16,104768835,2023-01-16,,13.0,15.0,2023-01-16T21:25:00.0,15.0,12.0
2023-01-17,104768835,2023-01-17,,14.0,20.0,2023-01-17T21:55:00.0,13.0,11.0
2023-01-18,104768835,2023-01-18,,13.0,16.0,2023-01-18T18:32:00.0,13.0,11.0
2023-01-19,104768835,2023-01-19,,13.0,16.0,2023-01-19T15:52:00.0,14.0,12.0
2023-01-20,104768835,2023-01-20,,13.0,16.0,2023-01-20T21:17:00.0,14.0,12.0
2023-01-21,104768835,2023-01-21,,13.0,20.0,2023-01-21T21:46:00.0,16.0,10.0
2023-01-22,104768835,2023-01-22,,14.0,20.0,2023-01-22T17:35:00.0,13.0,11.0
2023-01-24,104768835,2023-01-24,,14.0,20.0,2023-01-24T23:00:00.0,13.0,11.0
2023-01-25,104768835,2023-01-25,,14.0,21.0,2023-01-25T22:37:00.0,12.0,10.0
2023-01-26,104768835,2023-01-26,,13.0,15.0,2023-01-26T15:18:00.0,14.0,12.0
2023-01-27,104768835,2023-01-27,,13.0,16.0,2023-01-27T19:14:00.0,12.0,10.0
2023-01-28,104768835,2023-01-28,,14.0,20.0,2023-01-28T20:37:00.0,15.0,11.0
2023-01-29,104768835,2023-01-29,,13.0,16.0,2023-01-29T13:36:00.0,14.0,11.0
2023-01-30,104768835,2023-01-30,,13.0,15.0,2023-01-30T18:25:00.0,15.0,10.0
2023-01-31,104768835,2023-01-31,,13.0,20.0,2023-01-31T17:03:00.0,14.0,12.0
2023-02-01,104768835,2023-02-01,,14.0,17.0,2023-02-01T22:13:00.0,14.0,12.0
2023-02-02,104768835,2023-02-02,,14.0,18.0,2023-02-02T22:58:00.0,12.0,11.0
2023-02-03,104768835,2023-02-03,,13.0,19.0,2023-02-03T22:52:00.0,12.0,10.0
2023-02-04,104768835,2023-02-04,,14.0,19.0,2023-02-04T18:03:00.0,13.0,12.0
2023-02-06,104768835,2023-02-06,,13.0,17.0,2023-02-06T21:48:00.0,13.0,9.0
2023-02-07,104768835,2023-02-07,,13.0,19.0,2023-02-07T18:13:00.0,13.0,11.0
2023-02-08,104768835,2023-02-08,,14.0,21.0,2023-02-08T21:49:00.0,15.0,12.0
2023-02-09,104768835,2023-02-09,,13.0,20.0,2023-02-09T21:46:00.0,13.0,10.0
2023-02-10,104768835,2023-02-10,,14.0,19.0,2023-02-10T16:31:00.0,13.0,12.0
2023-02-11,104768835,2023-02-11,,14.0,21.0,2023-02-11T21:41:00.0,14.0,11.0
2023-02-12,104768835,2023-02-12,,14.0,19.0,2023-02-12T21:59:00.0,15.0,10.0
2023-02-13,104768835,2023-02-13,,13.0,15.0,2023-02-13T17:32:00.0,15.0,11.0
2023-02-14,104768835,2023-02-14,,14.0,21.0,2023-02-14T22:08:00.0,13.0,12.0
2023-02-15,104768835,2023-02-15,,13.0,16.0,2023-02-15T17:43:00.0,14.0,9.0
2023-02-16,104768835,2023-02-16,,13.0,16.0,2023-02-16T20:43:00.0,13.0,10.0
2023-02-17,104768835,2023-02-17,,13.0,19.0,2023-02-17T20:44:00.0,13.0,10.0
2023-02-18,104768835,2023-02-18,,14.0,20.0,2023-02-18T20:40:00.0,14.0,10.0
2023-02-19,104768835,2023-02-19,,14.0,20.0,2023-02-19T21:28:00.0,13.0,9.0
2023-02-20,104768835,2023-02-20,,14.0,19.0,2023-02-20T21:18:00.0,14.0,11.0
2023-02-21,104768835,2023-02-21,,13.0,20.0,2023-02-21T23:00:00.0,13.0,10.0
2023-02-22,104768835,2023-02-22,,13.0,16.0,2023-02-22T14:50:00.0,14.0,10.0
2023-02-23,104768835,2023-02-23,,14.0,16.0,2023-02-23T16:57:00.0,12.0,12.0
2023-02-24,104768835,2023-02-24,,13.0,15.0,2023-02-24T11:28:00.0,13.0,12.0
2023-02-25,104768835,2023-02-25,,13.0,15.0,2023-02-25T21:24:00.0,14.0,12.0
2023-02-26,104768835,2023-02-26,,13.0,16.0,2023-02-26T19:52:00.0,14.0,9.0
2023-02-27,104768835,2023-02-27,,14.0,20.0,2023-02-27T21:58:00.0,14.0,11.0
2023-02-28,104768835,2023-02-28,,14.0,21.0,2023-02-28T18:40:00.0,14.0,12.0
2023-03-02,104768835,2023-03-02,,14.0,20.0,2023-03-02T21:11:00.0,16.0,12.0
2023-03-03,104768835,2023-03-03,,13.0,20.0,2023-03-03T21:03:00.0,13.0,10.0
2023-03-04,104768835,2023-03-04,,15.0,21.0,2023-03-04T16:39:00.0,18.0,12.0
2023-03-05,104768835,2023-03-05,,15.0,21.0,2023-03-05T16:00:00.0,13.0,11.0
2023-03-06,104768835,2023-03-06,,13.0,16.0,2023-03-06T18:27:00.0,13.0,11.0
2023-03-07,104768835,2023-03-07,,14.0,21.0,2023-03-07T21:47:00.0,14.0,11.0
2023-03-08,104768835,2023-03-08,,14.0,19.0,2023-03-08T20:04:00.0,15.0,12.0
2023-03-09,104768835,2023-03-09,,13.0,21.0,2023-03-09T19:41:00.0,15.0,10.0
2023-03-10,104768835,2023-03-10,,13.0,19.0,2023-03-10T19:01:00.0,13.0,10.0
2023-03-11,104768835,2023-03-11,,13.0,19.0,2023-03-11T20:31:00.0,14.0,11.0
2023-03-13,104768835,2023-03-13,,13.0,16.0,2023-03-13T22:20:00.0,10.0,10.0
2023-03-14,104768835,2023-03-14,,14.0,20.0,2023-03-14T18:08:00.0,13.0,12.0
2023-03-15,104768835,2023-03-15,,14.0,20.0,2023-03-15T19:20:00.0,14.0,11.0
2023-03-16,104768835,2023-03-16,,13.0,16.0,2023-03-16T14:31:00.0,14.0,10.0
2023-03-17,104768835,2023-03-17,,14.0,20.0,2023-03-17T19:36:00.0,13.0,12.0
2023-03-18,104768835,2023-03-18,,13.0,18.0,2023-03-18T23:00:00.0,12.0,10.0
2023-03-19,104768835,2023-03-19,,13.0,17.0,2023-03-19T17:22:00.0,13.0,10.0
2023-03-20,104768835,2023-03-20,,14.0,20.0,2023-03-20T19:09:00.0,13.0,12.0
2023-03-21,104768835,2023-03-21,,14.0,21.0,2023-03-21T18:48:00.0,14.0,12.0
2023-03-22,104768835,2023-03-22,,13.0,19.0,2023-03-22T16:38:00.0,16.0,10.0
2023-03-23,104768835,2023-03-23,,14.0,20.0,2023-03-23T20:55:00.0,13.0,12.0
2023-03-24,104768835,2023-03-24,,13.0,20.0,2023-03-24T21:19:00.0,14.0,11.0
2023-03-25,104768835,2023-03-25,,14.0,21.0,2023-03-25T20:17:00.0,15.0,10.0
2023-03-26,104768835,2023-03-26,,13.0,19.0,2023-03-26T18:07:00.0,13.0,11.0
2023-03-27,104768835,2023-03-27,,19.0,21.0,2023-03-27T18:12:00.0,21.0,16.0
2023-03-28,104768835,2023-03-28,,13.0,18.0,2023-03-28T20:30:00.0,14.0,10.0
2023-03-29,104768835,2023-03-29,,13.0,16.0,2023-03-29T17:45:00.0,14.0,12.0
2023-03-30,104768835,2023-03-30,,14.0,21.0,2023-03-30T19:10:00.0,14.0,10.0
2023-03-31,104768835,2023-03-31,,14.0,19.0,2023-03-31T20:36:00.0,15.0,12.0
2023-04-01,104768835,2023-04-01,,13.0,16.0,2023-04-01T17:55:00.0,15.0,12.0
2023-04-02,104768835,2023-04-02,,15.0,15.0,2023-04-02T19:37:00.0,15.0,15.0
2023-04-03,104768835,2023-04-03,,14.0,16.0,2023-04-03T20:47:00.0,14.0,10.0
2023-04-04,104768835,2023-04-04,,14.0,20.0,2023-04-04T19:02:00.0,14.0,10.0
2023-04-05,104768835,2023-04-05,,14.0,20.0,2023-04-05T16:10:00.0,16.0,11.0
2023-04-06,104768835,2023-04-06,,13.0,19.0,2023-04-06T21:23:00.0,16.0,9.0
2023-04-07,104768835,2023-04-07,,14.0,20.0,2023-04-07T15:38:00.0,15.0,12.0
2023-04-08,104768835,2023-04-08,,15.0,21.0,2023-04-08T14:37:00.0,14.0,12.0
2023-04-09,104768835,2023-04-09,,14.0,17.0,2023-04-09T18:59:00.0,14.0,11.0
2023-04-10,104768835,2023-04-10,,13.0,19.0,2023-04-10T19:46:00.0,14.0,9.0
2023-04-11,104768835,2023-04-11,,13.0,15.0,2023-04-11T17:43:00.0,12.0,12.0
2023-04-12,104768835,2023-04-12,,13.0,17.0,2023-04-12T17:00:00.0,12.0,12.0
2023-04-13,104768835,2023-04-13,,14.0,19.0,2023-04-13T17:08:00.0,13.0,12.0
2023-04-14,104768835,2023-04-14,,13.0,16.0,2023-04-14T11:27:00.0,13.0,10.0
2023-04-15,104768835,2023-04-15,,14.0,21.0,2023-04-15T21:07:00.0,15.0,12.0
2023-04-16,104768835,2023-04-16,,13.0,16.0,2023-04-16T17:52:00.0,14.0,11.0
2023-04-17,104768835,2023-04-17,,13.0,20.0,2023-04-17T22:00:00.0,13.0,9.0
2023-04-18,104768835,2023-04-18,,14.0,21.0,2023-04-18T20:53:00.0,15.0,9.0
2023-04-19,104768835,2023-04-19,,13.0,15.0,2023-04-19T18:26:00.0,14.0,11.0
2023-04-20,104768835,2023-04-20,,14.0,19.0,2023-04-20T20:37:00.0,14.0,9.0
2023-04-21,104768835,2023-04-21,,13.0,18.0,2023-04-21T20:27:00.0,12.0,10.0
2023-04-22,104768835,2023-04-22,,13.0,16.0,2023-04-22T19:28:00.0,13.0,9.0
2023-04-23,104768835,2023-04-23,,13.0,16.0,2023-04-23T14:54:00.0,14.0,11.0
2023-04-24,104768835,2023-04-24,,13.0,20.0,2023-04-24T15:10:00.0,14.0,10.0
2023-04-25,104768835,2023-04-25,,13.0,19.0,2023-04-25T18:32:00.0,14.0,10.0
2023-04-26,104768835,2023-04-26,,13.0,20.0,2023-04-26T15:54:00.0,14.0,9.0
2023-04-27,104768835,2023-04-27,,13.0,21.0,2023-04-27T17:07:00.0,14.0,10.0
2023-04-28,104768835,2023-04-28,,13.0,19.0,2023-04-28T12:42:00.0,15.0,10.0
2023-04-29,104768835,2023-04-29,,13.0,19.0,2023-04-29T17:44:00.0,14.0,12.0
2023-04-30,104768835,2023-04-30,,13.0,16.0,2023-04-30T21:50:00.0,14.0,10.0
2023-05-01,104768835,2023-05-01,,13.0,19.0,2023-05-01T16:03:00.0,14.0,10.0
2023-05-02,104768835,2023-05-02,,14.0,19.0,2023-05-02T18:08:00.0,15.0,12.0
2023-05-03,104768835,2023-05-03,,13.0,18.0,2023-05-03T18:55:00.0,14.0,10.0
2023-05-04,104768835,2023-05-04,,14.0,21.0,2023-05-04T20:29:00.0,11.0,11.0
2023-05-05,104768835,2023-05-05,,13.0,16.0,2023-05-05T14:34:00.0,14.0,10.0
2023-05-06,104768835,2023-05-06,,14.0,20.0,2023-05-06T19:44:00.0,14.0,11.0
2023-05-07,104768835,2023-05-07,,13.0,16.0,2023-05-07T20:21:00.0,13.0,10.0
2023-05-08,104768835,2023-05-08,,13.0,16.0,2023-05-08T19:13:00.0,13.0,11.0
2023-05-09,104768835,2023-05-09,,14.0,19.0,2023-05-09T18:56:00.0,14.0,12.0
2023-05-10,104768835,2023-05-10,,13.0,17.0,2023-05-10T19:00:00.0,15.0,10.0
2023-05-11,104768835,2023-05-11,,14.0,15.0,2023-05-11T13:13:00.0,15.0,12.0
2023-05-12,104768835,2023-05-12,,13.0,21.0,2023-05-12T15:58:00.0,15.0,10.0
2023-05-13,104768835,2023-05-13,,13.0,18.0,2023-05-13T22:00:00.0,13.0,11.0
2023-05-14,104768835,2023-05-14,,13.0,18.0,2023-05-14T20:08:00.0,14.0,8.0
2023-05-15,104768835,2023-05-15,,14.0,22.0,2023-05-15T16:36:00.0,17.0,12.0
2023-05-16,104768835,2023-05-16,,14.0,23.0,2023-05-16T17:01:00.0,14.0,10.0
2023-05-17,104768835,2023-05-17,,13.0,21.0,2023-05-17T16:10:00.0,21.0,10.0
2023-05-18,104768835,2023-05-18,,14.0,19.0,2023-05-18T16:39:00.0,14.0,11.0
2023-05-19,104768835,2023-05-19,,13.0,20.0,2023-05-19T22:00:00.0,14.0,10.0
2023-05-20,104768835,2023-05-20,,13.0,18.0,2023-05-20T19:43:00.0,15.0,11.0
2023-05-21,104768835,2023-05-21,,14.0,21.0,2023-05-21T17:09:00.0,13.0,11.0
2023-05-22,104768835,2023-05-22,,13.0,16.0,2023-05-22T16:17:00.0,13.0,12.0
2023-05-23,104768835,2023-05-23,,13.0,15.0,2023-05-23T17:24:00.0,15.0,12.0
2023-05-24,104768835,2023-05-24,,13.0,15.0,2023-05-24T16:17:00.0,13.0,10.0
2023-05-25,104768835,2023-05-25,,13.0,16.0,2023-05-25T13:59:00.0,15.0,10.0
2023-05-26,104768835,2023-05-26,,13.0,21.0,2023-05-26T16:06:00.0,13.0,10.0
2023-05-27,104768835,2023-05-27,,13.0,16.0,2023-05-27T19:57:00.0,14.0,10.0
2023-05-28,104768835,2023-05-28,,13.0,15.0,2023-05-28T16:18:00.0,13.0,12.0
2023-05-29,104768835,2023-05-29,,13.0,16.0,2023-05-29T16:24:00.0,13.0,10.0
2023-05-30,104768835,2023-05-30,,13.0,19.0,2023-05-30T17:06:00.0,14.0,10.0
2023-05-31,104768835,2023-05-31,,13.0,16.0,2023-05-31T16:57:00.0,15.0,10.0
2023-06-01,104768835,2023-06-01,,13.0,19.0,2023-06-01T14:27:00.0,16.0,11.0
2023-06-02,104768835,2023-06-02,,14.0,19.0,2023-06-02T16:19:00.0,14.0,11.0
2023-06-03,104768835,2023-06-03,,14.0,17.0,2023-06-03T17:41:00.0,15.0,12.0
2023-06-04,104768835,2023-06-04,,13.0,16.0,2023-06-04T15:20:00.0,14.0,9.0
2023-06-05,104768835,2023-06-05,,14.0,17.0,2023-06-05T16:40:00.0,13.0,10.0
2023-06-06,104768835,2023-06-06,,13.0,17.0,2023-06-06T16:53:00.0,13.0,11.0
2023-06-07,104768835,2023-06-07,,13.0,15.0,2023-06-07T16:44:00.0,14.0,12.0
2023-06-08,104768835,2023-06-08,,14.0,18.0,2023-06-08T19:33:00.0,12.0,11.0
2023-06-09,104768835,2023-06-09,,13.0,15.0,2023-06-09T16:13:00.0,13.0,10.0
2023-06-10,104768835,2023-06-10,,14.0,16.0,2023-06-10T10:40:00.0,13.0,13.0
2023-06-11,104768835,2023-06-11,,12.0,14.0,2023-06-11T09:01:00.0,13.0,8.0
2023-06-12,104768835,2023-06-12,,13.0,16.0,2023-06-12T20:40:00.0,14.0,9.0
2023-06-13,104768835,2023-06-13,,13.0,18.0,2023-06-13T16:48:00.0,17.0,11.0
2023-06-14,104768835,2023-06-14,,13.0,15.0,2023-06-14T16:10:00.0,14.0,11.0
2023-06-15,104768835,2023-06-15,,13.0,15.0,2023-06-15T14:36:00.0,14.0,11.0
2023-06-16,104768835,2023-06-16,,13.0,15.0,2023-06-16T19:45:00.0,11.0,11.0
2023-06-17,104768835,2023-06-17,,14.0,17.0,2023-06-17T20:45:00.0,13.0,10.0
2023-06-18,104768835,2023-06-18,,13.0,16.0,2023-06-18T17:11:00.0,13.0,12.0
2023-06-19,104768835,2023-06-19,,13.0,19.0,2023-06-19T20:40:00.0,13.0,10.0
2023-06-20,104768835,2023-06-20,,13.0,19.0,2023-06-20T17:48:00.0,14.0,11.0
2023-06-21,104768835,2023-06-21,,13.0,21.0,2023-06-21T22:00:00.0,13.0,11.0
2023-06-22,104768835,2023-06-22,,13.0,22.0,2023-06-22T13:33:00.0,14.0,9.0
2023-06-23,104768835,2023-06-23,,13.0,15.0,2023-06-23T21:03:00.0,13.0,11.0
2023-06-24,104768835,2023-06-24,,13.0,15.0,2023-06-24T15:53:00.0,13.0,10.0
2023-06-25,104768835,2023-06-25,,13.0,15.0,2023-06-25T17:20:00.0,13.0,11.0
2023-06-26,104768835,2023-06-26,,13.0,19.0,2023-06-26T20:33:00.0,13.0,10.0
2023-06-27,104768835,2023-06-27,,13.0,16.0,2023-06-27T19:55:00.0,12.0,10.0
2023-06-28,104768835,2023-06-28,,13.0,15.0,2023-06-28T19:43:00.0,14.0,12.0
2023-06-29,104768835,2023-06-29,,13.0,18.0,2023-06-29T19:54:00.0,13.0,10.0
2023-06-30,104768835,2023-06-30,,13.0,15.0,2023-06-30T18:55:00.0,14.0,11.0
2023-07-01,104768835,2023-07-01,,13.0,16.0,2023-07-01T20:02:00.0,13.0,10.0
2023-07-02,104768835,2023-07-02,,14.0,21.0,2023-07-02T20:07:00.0,12.0,12.0
2023-07-03,104768835,2023-07-03,,14.0,21.0,2023-07-03T20:14:00.0,14.0,12.0
2023-07-04,104768835,2023-07-04,,14.0,20.0,2023-07-04T20:11:00.0,13.0,11.0
2023-07-05,104768835,2023-07-05,,14.0,17.0,2023-07-05T12:01:00.0,14.0,12.0
2023-07-06,104768835,2023-07-06,,13.0,16.0,2023-07-06T20:00:00.0,12.0,11.0
2023-07-07,104768835,2023-07-07,,13.0,16.0,2023-07-07T21:11:00.0,15.0,10.0
2023-07-08,104768835,2023-07-08,,13.0,19.0,2023-07-08T19:38:00.0,14.0,10.0
2023-07-09,104768835,2023-07-09,,15.0,21.0,2023-07-09T18:50:00.0,16.0,12.0
2023-07-10,104768835,2023-07-10,,14.0,20.0,2023-07-10T19:29:00.0,16.0,10.0
2023-07-11,104768835,2023-07-11,,14.0,21.0,2023-07-11T20:06:00.0,13.0,12.0
2023-07-12,104768835,2023-07-12,,13.0,19.0,2023-07-12T20:50:00.0,13.0,11.0
2023-07-13,104768835,2023-07-13,,13.0,20.0,2023-07-13T15:59:00.0,13.0,10.0
2023-07-14,104768835,2023-07-14,,14.0,21.0,2023-07-14T20:38:00.0,14.0,12.0
2023-07-15,104768835,2023-07-15,,13.0,17.0,2023-07-15T21:10:00.0,13.0,11.0
2023-07-16,104768835,2023-07-16,,14.0,20.0,2023-07-16T20:28:00.0,13.0,12.0
2023-07-17,104768835,2023-07-17,,14.0,18.0,2023-07-17T12:34:00.0,14.0,10.0
2023-07-19,104768835,2023-07-19,,15.0,25.0,2023-07-19T21:37:00.0,15.0,10.0
2023-07-20,104768835,2023-07-20,,13.0,16.0,2023-07-20T20:53:00.0,14.0,10.0
2023-07-21,104768835,2023-07-21,,13.0,15.0,2023-07-21T12:16:00.0,13.0,12.0
2023-07-22,104768835,2023-07-22,,13.0,15.0,2023-07-22T21:01:00.0,12.0,11.0
2023-07-23,104768835,2023-07-23,,14.0,22.0,2023-07-23T22:00:00.0,12.0,7.0
2023-07-24,104768835,2023-07-24,,14.0,20.0,2023-07-24T20:40:00.0,14.0,9.0
2023-07-26,104768835,2023-07-26,,14.0,20.0,2023-07-26T20:29:00.0,15.0,11.0
2023-07-27,104768835,2023-07-27,,13.0,16.0,2023-07-27T22:00:00.0,11.0,9.0
2023-07-28,104768835,2023-07-28,,13.0,21.0,2023-07-28T17:27:00.0,13.0,9.0
2023-07-29,104768835,2023-07-29,,13.0,16.0,2023-07-29T22:00:00.0,12.0,9.0
2023-07-30,104768835,2023-07-30,,13.0,17.0,2023-07-30T20:03:00.0,13.0,9.0
2023-07-31,104768835,2023-07-31,,15.0,22.0,2023-07-31T22:00:00.0,13.0,11.0
2023-08-01,104768835,2023-08-01,,14.0,20.0,2023-08-01T21:59:00.0,13.0,9.0
2023-08-02,104768835,2023-08-02,,14.0,25.0,2023-08-02T20:03:00.0,13.0,11.0
2023-08-03,104768835,2023-08-03,,14.0,20.0,2023-08-03T20:11:00.0,14.0,12.0
2023-08-04,104768835,2023-08-04,,13.0,16.0,2023-08-04T20:29:00.0,14.0,9.0
2023-08-05,104768835,2023-08-05,,16.0,20.0,2023-08-05T09:08:00.0,14.0,14.0
2023-08-06,104768835,2023-08-06,,13.0,19.0,2023-08-06T21:23:00.0,13.0,9.0
2023-08-07,104768835,2023-08-07,,13.0,16.0,2023-08-07T21:32:00.0,13.0,10.0
2023-08-08,104768835,2023-08-08,,13.0,18.0,2023-08-08T18:10:00.0,13.0,12.0
2023-08-09,104768835,2023-08-09,,14.0,16.0,2023-08-09T19:59:00.0,13.0,12.0
2023-08-10,104768835,2023-08-10,,14.0,16.0,2023-08-10T19:56:00.0,14.0,12.0
2023-08-11,104768835,2023-08-11,,14.0,20.0,2023-08-11T22:00:00.0,13.0,11.0
2023-08-12,104768835,2023-08-12,,13.0,19.0,2023-08-12T18:44:00.0,13.0,11.0
2023-08-13,104768835,2023-08-13,,13.0,15.0,2023-08-13T14:58:00.0,14.0,12.0
2023-08-14,104768835,2023-08-14,,13.0,16.0,2023-08-14T20:39:00.0,14.0,8.0
2023-08-15,104768835,2023-08-15,,14.0,19.0,2023-08-15T19:34:00.0,13.0,12.0
2023-08-16,104768835,2023-08-16,,13.0,17.0,2023-08-16T22:00:00.0,11.0,11.0
2023-08-17,104768835,2023-08-17,,14.0,19.0,2023-08-17T19:58:00.0,14.0,9.0
2023-08-18,104768835,2023-08-18,,14.0,17.0,2023-08-18T20:14:00.0,13.0,12.0
2023-08-19,104768835,2023-08-19,,14.0,16.0,2023-08-19T18:49:00.0,13.0,12.0
2023-08-20,104768835,2023-08-20,,13.0,19.0,2023-08-20T22:00:00.0,18.0,10.0
2023-08-21,104768835,2023-08-21,,13.0,20.0,2023-08-21T19:21:00.0,13.0,8.0
2023-08-22,104768835,2023-08-22,,13.0,15.0,2023-08-22T17:10:00.0,14.0,12.0
2023-08-23,104768835,2023-08-23,,13.0,16.0,2023-08-23T22:00:00.0,11.0,9.0
2023-08-24,104768835,2023-08-24,,13.0,16.0,2023-08-24T22:00:00.0,13.0,9.0
2023-08-25,104768835,2023-08-25,,13.0,20.0,2023-08-25T22:00:00.0,10.0,10.0
2023-08-26,104768835,2023-08-26,,13.0,20.0,2023-08-26T17:42:00.0,13.0,9.0
2023-08-27,104768835,2023-08-27,,13.0,19.0,2023-08-27T22:00:00.0,13.0,9.0
2023-08-28,104768835,2023-08-28,,13.0,19.0,2023-08-28T21:59:00.0,12.0,9.0
2023-08-29,104768835,2023-08-29,,13.0,16.0,2023-08-29T22:00:00.0,12.0,8.0
2023-08-30,104768835,2023-08-30,,13.0,15.0,2023-08-30T20:07:00.0,14.0,9.0
2023-08-31,104768835,2023-08-31,,13.0,16.0,2023-08-31T19:33:00.0,14.0,10.0
2023-09-02,104768835,2023-09-02,,13.0,17.0,2023-09-02T18:40:00.0,13.0,12.0
2023-09-03,104768835,2023-09-03,,13.0,19.0,2023-09-03T19:39:00.0,13.0,12.0
2023-09-04,104768835,2023-09-04,,13.0,16.0,2023-09-04T15:47:00.0,13.0,10.0
2023-09-05,104768835,2023-09-05,,14.0,21.0,2023-09-05T19:48:00.0,14.0,12.0
2023-09-06,104768835,2023-09-06,,13.0,17.0,2023-09-06T19:35:00.0,13.0,11.0
2023-09-07,104768835,2023-09-07,,13.0,15.0,2023-09-07T19:49:00.0,13.0,12.0
2023-09-08,104768835,2023-09-08,,14.0,20.0,2023-09-08T19:25:00.0,14.0,10.0
2023-09-09,104768835,2023-09-09,,13.0,18.0,2023-09-09T19:34:00.0,14.0,10.0
2023-09-10,104768835,2023-09-10,,13.0,18.0,2023-09-10T19:27:00.0,13.0,10.0
2023-09-11,104768835,2023-09-11,,13.0,19.0,2023-09-11T17:08:00.0,19.0,9.0
2023-09-12,104768835,2023-09-12,,13.0,21.0,2023-09-12T19:43:00.0,13.0,10.0
2023-09-13,104768835,2023-09-13,,13.0,20.0,2023-09-13T20:08:00.0,14.0,11.0
2023-09-14,104768835,2023-09-14,,13.0,17.0,2023-09-14T19:40:00.0,16.0,10.0
2023-09-15,104768835,2023-09-15,,13.0,15.0,2023-09-15T15:48:00.0,13.0,11.0
2023-09-16,104768835,2023-09-16,,13.0,16.0,2023-09-16T17:16:00.0,13.0,12.0
2023-09-17,104768835,2023-09-17,,13.0,20.0,2023-09-17T20:10:00.0,14.0,10.0
2023-09-18,104768835,2023-09-18,,13.0,16.0,2023-09-18T19:07:00.0,14.0,10.0
2023-09-19,104768835,2023-09-19,,13.0,16.0,2023-09-19T19:23:00.0,14.0,12.0
2023-09-20,104768835,2023-09-20,,13.0,15.0,2023-09-20T19:45:00.0,14.0,12.0
2023-09-21,104768835,2023-09-21,,14.0,21.0,2023-09-21T19:33:00.0,13.0,11.0
2023-09-22,104768835,2023-09-22,,13.0,16.0,2023-09-22T19:25:00.0,13.0,12.0
2023-09-23,104768835,2023-09-23,,13.0,16.0,2023-09-23T20:25:00.0,14.0,10.0
2023-09-24,104768835,2023-09-24,,14.0,19.0,2023-09-24T20:01:00.0,12.0,12.0
2023-09-25,104768835,2023-09-25,,14.0,20.0,2023-09-25T16:49:00.0,17.0,12.0
2023-09-26,104768835,2023-09-26,,14.0,19.0,2023-09-26T22:00:00.0,12.0,10.0
2023-09-27,104768835,2023-09-27,,13.0,16.0,2023-09-27T22:00:00.0,12.0,9.0
2023-09-28,104768835,2023-09-28,,13.0,22.0,2023-09-28T16:19:00.0,12.0,9.0
2023-09-29,104768835,2023-09-29,,13.0,15.0,2023-09-29T14:24:00.0,14.0,11.0
2023-09-30,104768835,2023-09-30,,13.0,15.0,2023-09-30T10:01:00.0,14.0,11.0
2023-10-01,104768835,2023-10-01,,14.0,19.0,2023-10-01T17:19:00.0,14.0,12.0
2023-10-02,104768835,2023-10-02,,13.0,17.0,2023-10-02T19:52:00.0,13.0,9.0
2023-10-03,104768835,2023-10-03,,13.0,15.0,2023-10-03T19:31:00.0,13.0,10.0
2023-10-04,104768835,2023-10-04,,13.0,17.0,2023-10-04T19:13:00.0,12.0,10.0
2023-10-05,104768835,2023-10-05,,14.0,17.0,2023-10-05T19:15:00.0,14.0,10.0
2023-10-06,104768835,2023-10-06,,14.0,21.0,2023-10-06T19:11:00.0,21.0,12.0
2023-10-07,104768835,2023-10-07,,13.0,18.0,2023-10-07T19:27:00.0,13.0,11.0
2023-10-08,104768835,2023-10-08,,13.0,16.0,2023-10-08T16:14:00.0,13.0,11.0
2023-10-09,104768835,2023-10-09,,14.0,18.0,2023-10-09T19:38:00.0,14.0,12.0
2023-10-10,104768835,2023-10-10,,13.0,19.0,2023-10-10T22:00:00.0,12.0,9.0
2023-10-11,104768835,2023-10-11,,13.0,20.0,2023-10-11T16:20:00.0,14.0,10.0
2023-10-12,104768835,2023-10-12,,13.0,19.0,2023-10-12T19:06:00.0,15.0,10.0
2023-10-13,104768835,2023-10-13,,13.0,17.0,2023-10-13T20:11:00.0,12.0,9.0
2023-10-14,104768835,2023-10-14,,13.0,17.0,2023-10-14T22:00:00.0,12.0,11.0
2023-10-15,104768835,2023-10-15,,14.0,20.0,2023-10-15T20:07:00.0,13.0,9.0
2023-10-16,104768835,2023-10-16,,14.0,18.0,2023-10-16T17:39:00.0,14.0,12.0
2023-10-17,104768835,2023-10-17,,13.0,16.0,2023-10-17T17:46:00.0,14.0,10.0
2023-10-18,104768835,2023-10-18,,13.0,16.0,2023-10-18T17:20:00.0,13.0,12.0
2023-10-19,104768835,2023-10-19,,13.0,19.0,2023-10-19T20:14:00.0,14.0,10.0
2023-10-20,104768835,2023-10-20,,13.0,19.0,2023-10-20T16:20:00.0,14.0,11.0
2023-10-21,104768835,2023-10-21,,13.0,20.0,2023-10-21T19:57:00.0,13.0,10.0
2023-10-22,104768835,2023-10-22,,13.0,18.0,2023-10-22T20:11:00.0,13.0,9.0
2023-10-23,104768835,2023-10-23,,13.0,16.0,2023-10-23T16:55:00.0,13.0,11.0
2023-10-24,104768835,2023-10-24,,13.0,16.0,2023-10-24T22:00:00.0,13.0,10.0
2023-10-25,104768835,2023-10-25,,13.0,19.0,2023-10-25T19:42:00.0,10.0,9.0
2023-10-26,104768835,2023-10-26,,14.0,20.0,2023-10-26T17:21:00.0,14.0,12.0
2023-10-27,104768835,2023-10-27,,14.0,17.0,2023-10-27T19:55:00.0,14.0,11.0
2023-10-28,104768835,2023-10-28,,14.0,15.0,2023-10-28T17:18:00.0,13.0,12.0
2023-10-29,104768835,2023-10-29,,13.0,18.0,2023-10-29T21:01:00.0,13.0,10.0
2023-10-30,104768835,2023-10-30,,13.0,15.0,2023-10-30T18:26:00.0,14.0,12.0
2023-10-31,104768835,2023-10-31,,13.0,16.0,2023-10-31T21:09:00.0,14.0,10.0
2023-11-01,104768835,2023-11-01,,13.0,17.0,2023-11-01T23:00:00.0,16.0,10.0
2023-11-02,104768835,2023-11-02,,13.0,17.0,2023-11-02T21:07:00.0,12.0,9.0
2023-11-03,104768835,2023-11-03,,13.0,16.0,2023-11-03T18:07:00.0,12.0,10.0
2023-11-04,104768835,2023-11-04,,14.0,18.0,2023-11-04T23:00:00.0,12.0,11.0
2023-11-05,104768835,2023-11-05,,13.0,20.0,2023-11-05T17:23:00.0,13.0,9.0
2023-11-06,104768835,2023-11-06,,13.0,16.0,2023-11-06T15:55:00.0,13.0,11.0
2023-11-07,104768835,2023-11-07,,13.0,15.0,2023-11-07T21:14:00.0,14.0,10.0
2023-11-08,104768835,2023-11-08,,14.0,21.0,2023-11-08T23:00:00.0,14.0,11.0
2023-11-09,104768835,2023-11-09,,13.0,17.0,2023-11-09T21:09:00.0,12.0,9.0
2023-11-10,104768835,2023-11-10,,13.0,18.0,2023-11-10T16:16:00.0,15.0,10.0
2023-11-11,104768835,2023-11-11,,14.0,17.0,2023-11-11T18:58:00.0,17.0,12.0
2023-11-12,104768835,2023-11-12,,13.0,15.0,2023-11-12T21:17:00.0,13.0,12.0
2023-11-13,104768835,2023-11-13,,13.0,15.0,2023-11-13T21:14:00.0,14.0,11.0
2023-11-14,104768835,2023-11-14,,14.0,21.0,2023-11-14T23:00:00.0,13.0,12.0
2023-11-15,104768835,2023-11-15,,14.0,21.0,2023-11-15T20:49:00.0,14.0,9.0
2023-11-16,104768835,2023-11-16,,14.0,20.0,2023-11-16T23:00:00.0,16.0,12.0
2023-11-17,104768835,2023-11-17,,14.0,23.0,2023-11-17T22:59:00.0,14.0,9.0
2023-11-18,104768835,2023-11-18,,14.0,19.0,2023-11-18T15:19:00.0,19.0,11.0
2023-11-19,104768835,2023-11-19,,14.0,19.0,2023-11-19T23:00:00.0,14.0,11.0
2023-11-20,104768835,2023-11-20,,14.0,20.0,2023-11-20T21:11:00.0,14.0,10.0
2023-11-21,104768835,2023-11-21,,13.0,17.0,2023-11-21T20:52:00.0,14.0,11.0
2023-11-22,104768835,2023-11-22,,14.0,19.0,2023-11-22T17:01:00.0,16.0,11.0
2023-11-23,104768835,2023-11-23,,14.0,16.0,2023-11-23T23:00:00.0,12.0,10.0
2023-11-24,104768835,2023-11-24,,14.0,23.0,2023-11-24T23:00:00.0,12.0,9.0
2023-11-25,104768835,2023-11-25,,14.0,19.0,2023-11-25T23:00:00.0,13.0,9.0
2023-11-26,104768835,2023-11-26,,13.0,16.0,2023-11-26T19:42:00.0,14.0,9.0
2023-11-27,104768835,2023-11-27,,13.0,16.0,2023-11-27T20:38:00.0,14.0,10.0
2023-11-28,104768835,2023-11-28,,13.0,16.0,2023-11-28T18:30:00.0,14.0,9.0
2023-11-29,104768835,2023-11-29,,13.0,16.0,2023-11-29T23:00:00.0,13.0,10.0
2023-11-30,104768835,2023-11-30,,13.0,22.0,2023-11-30T21:21:00.0,13.0,9.0
2023-12-01,104768835,2023-12-01,,14.0,19.0,2023-12-01T23:00:00.0,11.0,11.0
2023-12-02,104768835,2023-12-02,,14.0,25.0,2023-12-02T23:00:00.0,22.0,11.0
2023-12-03,104768835,2023-12-03,,15.0,23.0,2023-12-03T20:53:00.0,13.0,10.0
2023-12-04,104768835,2023-12-04,,14.0,20.0,2023-12-04T23:00:00.0,12.0,10.0
2023-12-05,104768835,2023-12-05,,13.0,18.0,2023-12-05T23:00:00.0,13.0,9.0
2023-12-06,104768835,2023-12-06,,13.0,22.0,2023-12-06T23:00:00.0,13.0,9.0
2023-12-07,104768835,2023-12-07,,13.0,19.0,2023-12-07T23:00:00.0,13.0,10.0
2023-12-08,104768835,2023-12-08,,13.0,16.0,2023-12-08T23:00:00.0,13.0,9.0
2023-12-09,104768835,2023-12-09,,13.0,17.0,2023-12-09T20:51:00.0,14.0,9.0
2023-12-10,104768835,2023-12-10,,13.0,16.0,2023-12-10T21:23:00.0,12.0,9.0
2023-12-11,104768835,2023-12-11,,13.0,16.0,2023-12-11T23:00:00.0,12.0,10.0
2023-12-12,104768835,2023-12-12,,13.0,17.0,2023-12-12T18:02:00.0,13.0,8.0
2023-12-13,104768835,2023-12-13,,13.0,16.0,2023-12-13T23:00:00.0,14.0,10.0
2023-12-14,104768835,2023-12-14,,13.0,17.0,2023-12-14T23:00:00.0,13.0,8.0
2023-12-15,104768835,2023-12-15,,13.0,18.0,2023-12-15T23:00:00.0,14.0,8.0
2023-12-16,104768835,2023-12-16,,13.0,20.0,2023-12-16T23:00:00.0,14.0,10.0
2023-12-17,104768835,2023-12-17,,13.0,19.0,2023-12-17T17:04:00.0,14.0,9.0
2023-12-18,104768835,2023-12-18,,13.0,16.0,2023-12-18T18:54:00.0,14.0,11.0
2023-12-19,104768835,2023-12-19,,13.0,20.0,2023-12-19T21:43:00.0,14.0,11.0
2023-12-20,104768835,2023-12-20,,13.0,17.0,2023-12-20T23:00:00.0,11.0,10.0
2023-12-21,104768835,2023-12-21,,13.0,19.0,2023-12-21T21:42:00.0,14.0,10.0
2023-12-22,104768835,2023-12-22,,14.0,21.0,2023-12-22T18:31:00.0,13.0,11.0
2023-12-23,104768835,2023-12-23,,13.0,16.0,2023-12-23T23:00:00.0,12.0,10.0
2023-12-24,104768835,2023-12-24,,14.0,21.0,2023-12-24T09:17:00.0,13.0,9.0
2023-12-25,104768835,2023-12-25,,13.0,16.0,2023-12-25T23:00:00.0,14.0,10.0
2023-12-26,104768835,2023-12-26,,13.0,21.0,2023-12-26T22:10:00.0,14.0,9.0
2023-12-28,104768835,2023-12-28,,14.0,21.0,2023-12-28T23:00:00.0,12.0,11.0
2023-12-29,104768835,2023-12-29,,14.0,21.0,2023-12-29T23:00:00.0,14.0,10.0
2023-12-30,104768835,2023-12-30,,14.0,21.0,2023-12-30T23:00:00.0,12.0,10.0
2023-12-31,104768835,2023-12-31,,13.0,22.0,2023-12-31T22:56:00.0,12.0,10.0
2024-01-01,104768835,2024-01-01,,14.0,24.0,2024-01-01T17:04:00.0,13.0,9.0
2024-01-02,104768835,2024-01-02,,14.0,21.0,2024-01-02T23:00:00.0,14.0,10.0
2024-01-03,104768835,2024-01-03,,14.0,21.0,2024-01-03T22:59:00.0,12.0,9.0
2024-01-04,104768835,2024-01-04,,15.0,26.0,2024-01-04T23:00:00.0,20.0,9.0
2024-01-05,104768835,2024-01-05,,14.0,21.0,2024-01-05T23:00:00.0,14.0,11.0
2024-01-06,104768835,2024-01-06,,14.0,21.0,2024-01-06T23:00:00.0,13.0,11.0
2024-01-16,104768835,2024-01-16,,14.0,15.0,2024-01-16T17:18:00.0,15.0,14.0
2024-01-17,104768835,2024-01-17,,13.0,16.0,2024-01-17T22:59:00.0,12.0,10.0
2024-01-18,104768835,2024-01-18,,14.0,17.0,2024-01-18T23:00:00.0,12.0,11.0
2024-01-19,104768835,2024-01-19,,14.0,19.0,2024-01-19T23:00:00.0,12.0,9.0
2024-01-20,104768835,2024-01-20,,14.0,17.0,2024-01-20T23:00:00.0,14.0,10.0
2024-01-21,104768835,2024-01-21,,14.0,19.0,2024-01-21T22:59:00.0,13.0,11.0
2024-01-22,104768835,2024-01-22,,14.0,16.0,2024-01-22T21:13:00.0,13.0,9.0
2024-01-23,104768835,2024-01-23,,14.0,19.0,2024-01-23T23:00:00.0,12.0,10.0
2024-01-24,104768835,2024-01-24,,14.0,20.0,2024-01-24T23:00:00.0,13.0,10.0
2024-01-25,104768835,2024-01-25,,13.0,19.0,2024-01-25T23:00:00.0,13.0,10.0
2024-01-26,104768835,2024-01-26,,13.0,20.0,2024-01-26T23:00:00.0,13.0,10.0
2024-01-27,104768835,2024-01-27,,13.0,17.0,2024-01-27T23:00:00.0,13.0,9.0
2024-01-28,104768835,2024-01-28,,13.0,20.0,2024-01-28T18:08:00.0,15.0,10.0
2024-01-29,104768835,2024-01-29,,13.0,14.0,2024-01-29T15:33:00.0,13.0,10.0
2024-01-30,104768835,2024-01-30,,13.0,16.0,2024-01-30T18:19:00.0,14.0,10.0
2024-01-31,104768835,2024-01-31,,14.0,17.0,2024-01-31T23:00:00.0,14.0,10.0
2024-02-01,104768835,2024-02-01,,14.0,22.0,2024-02-01T23:00:00.0,14.0,10.0
2024-02-02,104768835,2024-02-02,,14.0,21.0,2024-02-02T23:00:00.0,13.0,10.0
2024-02-03,104768835,2024-02-03,,13.0,21.0,2024-02-03T22:21:00.0,13.0,11.0
2024-02-04,104768835,2024-02-04,,14.0,17.0,2024-02-04T23:00:00.0,13.0,10.0
2024-02-05,104768835,2024-02-05,,14.0,19.0,2024-02-05T21:19:00.0,13.0,7.0
2024-02-06,104768835,2024-02-06,,14.0,24.0,2024-02-06T23:00:00.0,23.0,12.0
2024-02-07,104768835,2024-02-07,,14.0,25.0,2024-02-07T23:00:00.0,21.0,11.0
2024-02-08,104768835,2024-02-08,,15.0,22.0,2024-02-08T21:31:00.0,14.0,9.0
2024-02-09,104768835,2024-02-09,,14.0,20.0,2024-02-09T17:48:00.0,14.0,12.0
2024-02-10,104768835,2024-02-10,,14.0,17.0,2024-02-10T23:00:00.0,16.0,12.0
2024-02-11,104768835,2024-02-11,,14.0,22.0,2024-02-11T23:00:00.0,13.0,11.0
2024-02-12,104768835,2024-02-12,,13.0,22.0,2024-02-12T17:57:00.0,12.0,10.0
2024-02-13,104768835,2024-02-13,,14.0,20.0,2024-02-13T18:37:00.0,15.0,11.0
2024-02-14,104768835,2024-02-14,,13.0,15.0,2024-02-14T18:05:00.0,14.0,10.0
2024-02-15,104768835,2024-02-15,,14.0,20.0,2024-02-15T23:00:00.0,13.0,12.0
2024-02-16,104768835,2024-02-16,,13.0,22.0,2024-02-16T23:00:00.0,15.0,8.0
2024-02-17,104768835,2024-02-17,,14.0,25.0,2024-02-17T23:00:00.0,13.0,11.0
2024-02-18,104768835,2024-02-18,,14.0,21.0,2024-02-18T23:00:00.0,15.0,9.0
2024-02-19,104768835,2024-02-19,,14.0,23.0,2024-02-19T17:16:00.0,14.0,9.0
2024-02-20,104768835,2024-02-20,,13.0,15.0,2024-02-20T18:18:00.0,14.0,11.0
2024-02-21,104768835,2024-02-21,,13.0,22.0,2024-02-21T22:59:00.0,22.0,10.0
2024-02-22,104768835,2024-02-22,,13.0,22.0,2024-02-22T23:00:00.0,21.0,8.0
2024-02-23,104768835,2024-02-23,,14.0,24.0,2024-02-23T19:27:00.0,13.0,8.0
2024-02-24,104768835,2024-02-24,,14.0,16.0,2024-02-24T23:00:00.0,13.0,11.0
2024-02-25,104768835,2024-02-25,,15.0,23.0,2024-02-25T23:00:00.0,13.0,10.0
2024-02-26,104768835,2024-02-26,,14.0,25.0,2024-02-26T23:00:00.0,13.0,9.0
2024-02-27,104768835,2024-02-27,,13.0,16.0,2024-02-27T19:21:00.0,14.0,11.0
2024-02-28,104768835,2024-02-28,,13.0,15.0,2024-02-28T13:47:00.0,14.0,11.0
2024-02-29,104768835,2024-02-29,,13.0,18.0,2024-02-29T23:00:00.0,13.0,11.0
2024-03-01,104768835,2024-03-01,,13.0,17.0,2024-03-01T22:59:00.0,12.0,8.0
2024-03-02,104768835,2024-03-02,,14.0,22.0,2024-03-02T23:00:00.0,14.0,10.0
2024-03-03,104768835,2024-03-03,,13.0,18.0,2024-03-03T21:08:00.0,13.0,9.0
2024-03-04,104768835,2024-03-04,,14.0,21.0,2024-03-04T22:59:00.0,12.0,10.0
2024-03-05,104768835,2024-03-05,,13.0,23.0,2024-03-05T14:22:00.0,13.0,10.0
2024-03-06,104768835,2024-03-06,,13.0,15.0,2024-03-06T18:32:00.0,13.0,11.0
2024-03-07,104768835,2024-03-07,,14.0,16.0,2024-03-07T23:00:00.0,12.0,9.0
2024-03-08,104768835,2024-03-08,,13.0,21.0,2024-03-08T23:00:00.0,15.0,8.0
2024-03-09,104768835,2024-03-09,,13.0,22.0,2024-03-09T20:54:00.0,13.0,10.0
2024-03-10,104768835,2024-03-10,,13.0,16.0,2024-03-10T15:47:00.0,13.0,11.0
2024-03-11,104768835,2024-03-11,,13.0,16.0,2024-03-11T20:56:00.0,13.0,12.0
2024-03-12,104768835,2024-03-12,,13.0,20.0,2024-03-12T23:00:00.0,13.0,11.0
2024-03-13,104768835,2024-03-13,,13.0,21.0,2024-03-13T23:00:00.0,13.0,10.0
2024-03-14,104768835,2024-03-14,,13.0,21.0,2024-03-14T23:00:00.0,17.0,9.0
2024-03-15,104768835,2024-03-15,,14.0,19.0,2024-03-15T23:00:00.0,12.0,9.0
2024-03-16,104768835,2024-03-16,,13.0,23.0,2024-03-16T23:00:00.0,14.0,8.0
2024-03-17,104768835,2024-03-17,,13.0,21.0,2024-03-17T22:59:00.0,13.0,8.0
2024-03-18,104768835,2024-03-18,,13.0,17.0,2024-03-18T22:59:00.0,12.0,10.0
2024-03-19,104768835,2024-03-19,,13.0,16.0,2024-03-19T23:00:00.0,13.0,9.0
2024-03-20,104768835,2024-03-20,,13.0,17.0,2024-03-20T22:59:00.0,10.0,8.0
2024-03-21,104768835,2024-03-21,,13.0,18.0,2024-03-21T23:00:00.0,13.0,9.0
2024-03-22,104768835,2024-03-22,,14.0,20.0,2024-03-22T20:49:00.0,12.0,8.0
2024-03-23,104768835,2024-03-23,,14.0,20.0,2024-03-23T20:49:00.0,14.0,10.0
2024-03-24,104768835,2024-03-24,,14.0,20.0,2024-03-24T23:00:00.0,12.0,9.0
2024-03-25,104768835,2024-03-25,,14.0,22.0,2024-03-25T22:59:00.0,14.0,10.0
2024-03-26,104768835,2024-03-26,,13.0,19.0,2024-03-26T22:59:00.0,13.0,9.0
2024-03-27,104768835,2024-03-27,,13.0,21.0,2024-03-27T17:20:00.0,15.0,9.0
2024-03-28,104768835,2024-03-28,,13.0,16.0,2024-03-28T23:00:00.0,14.0,9.0
2024-03-29,104768835,2024-03-29,,13.0,16.0,2024-03-29T16:49:00.0,14.0,10.0
2024-03-30,104768835,2024-03-30,,13.0,16.0,2024-03-30T18:59:00.0,14.0,10.0
2024-03-31,104768835,2024-03-31,,13.0,16.0,2024-03-31T18:46:00.0,16.0,10.0
2024-04-01,104768835,2024-04-01,,13.0,17.0,2024-04-01T16:55:00.0,15.0,10.0
2024-04-02,104768835,2024-04-02,,14.0,19.0,2024-04-02T22:00:00.0,12.0,10.0
2024-04-03,104768835,2024-04-03,,13.0,17.0,2024-04-03T22:00:00.0,11.0,9.0
2024-04-04,104768835,2024-04-04,,13.0,23.0,2024-04-04T22:00:00.0,13.0,10.0
2024-04-05,104768835,2024-04-05,,13.0,25.0,2024-04-05T22:00:00.0,13.0,8.0
2024-04-06,104768835,2024-04-06,,13.0,19.0,2024-04-06T22:00:00.0,13.0,9.0
2024-04-07,104768835,2024-04-07,,13.0,16.0,2024-04-07T18:20:00.0,13.0,9.0
2024-04-08,104768835,2024-04-08,,13.0,20.0,2024-04-08T22:00:00.0,12.0,11.0
2024-04-09,104768835,2024-04-09,,13.0,21.0,2024-04-09T17:25:00.0,14.0,9.0
2024-04-10,104768835,2024-04-10,,13.0,17.0,2024-04-10T22:00:00.0,15.0,10.0
2024-04-11,104768835,2024-04-11,,13.0,17.0,2024-04-11T22:00:00.0,14.0,9.0
2024-04-12,104768835,2024-04-12,,13.0,16.0,2024-04-12T22:00:00.0,13.0,10.0
2024-04-13,104768835,2024-04-13,,13.0,21.0,2024-04-13T22:00:00.0,12.0,10.0
2024-04-14,104768835,2024-04-14,,13.0,21.0,2024-04-14T22:00:00.0,20.0,9.0
2024-04-15,104768835,2024-04-15,,13.0,24.0,2024-04-15T22:00:00.0,13.0,10.0
2024-04-16,104768835,2024-04-16,,13.0,26.0,2024-04-16T22:00:00.0,15.0,10.0
2024-04-17,104768835,2024-04-17,,13.0,16.0,2024-04-17T22:00:00.0,11.0,10.0
2024-04-18,104768835,2024-04-18,,14.0,20.0,2024-04-18T22:00:00.0,12.0,9.0
2024-04-19,104768835,2024-04-19,,14.0,20.0,2024-04-19T22:00:00.0,13.0,8.0
2024-04-20,104768835,2024-04-20,,14.0,19.0,2024-04-20T22:00:00.0,14.0,8.0
2024-04-21,104768835,2024-04-21,,13.0,20.0,2024-04-21T14:44:00.0,14.0,9.0
2024-04-22,104768835,2024-04-22,,13.0,20.0,2024-04-22T22:00:00.0,13.0,10.0
2024-04-23,104768835,2024-04-23,,13.0,19.0,2024-04-23T22:00:00.0,9.0,8.0
2024-04-24,104768835,2024-04-24,,13.0,18.0,2024-04-24T21:59:00.0,10.0,9.0
2024-04-25,104768835,2024-04-25,,13.0,16.0,2024-04-25T22:00:00.0,11.0,8.0
2024-04-26,104768835,2024-04-26,,14.0,20.0,2024-04-26T21:59:00.0,9.0,8.0
2024-04-27,104768835,2024-04-27,,13.0,20.0,2024-04-27T22:00:00.0,13.0,9.0
2024-04-28,104768835,2024-04-28,,13.0,20.0,2024-04-28T14:24:00.0,13.0,9.0
2024-04-30,104768835,2024-04-30,,13.0,16.0,2024-04-30T20:18:00.0,13.0,11.0
2024-05-01,104768835,2024-05-01,,13.0,15.0,2024-05-01T22:00:00.0,12.0,10.0
2024-05-02,104768835,2024-05-02,,13.0,15.0,2024-05-02T16:08:00.0,14.0,9.0
2024-05-03,104768835,2024-05-03,,13.0,16.0,2024-05-03T17:06:00.0,12.0,11.0
2024-05-04,104768835,2024-05-04,,14.0,15.0,2024-05-04T19:52:00.0,14.0,12.0
2024-05-05,104768835,2024-05-05,,13.0,16.0,2024-05-05T22:00:00.0,13.0,9.0
2024-05-06,104768835,2024-05-06,,13.0,19.0,2024-05-06T21:59:00.0,11.0,9.0
2024-05-07,104768835,2024-05-07,,13.0,19.0,2024-05-07T22:00:00.0,13.0,9.0
2024-05-08,104768835,2024-05-08,,14.0,16.0,2024-05-08T17:08:00.0,14.0,10.0
2024-05-09,104768835,2024-05-09,,13.0,22.0,2024-05-09T22:00:00.0,13.0,11.0
2024-05-10,104768835,2024-05-10,,13.0,20.0,2024-05-10T22:00:00.0,12.0,9.0
2024-05-11,104768835,2024-05-11,,13.0,19.0,2024-05-11T22:00:00.0,12.0,9.0
2024-05-12,104768835,2024-05-12,,13.0,19.0,2024-05-12T15:56:00.0,13.0,9.0
2024-05-13,104768835,2024-05-13,,13.0,18.0,2024-05-13T22:00:00.0,9.0,9.0
2024-05-14,104768835,2024-05-14,,13.0,18.0,2024-05-14T16:31:00.0,14.0,9.0
2024-05-15,104768835,2024-05-15,,13.0,20.0,2024-05-15T17:20:00.0,14.0,11.0
2024-05-16,104768835,2024-05-16,,13.0,19.0,2024-05-16T16:38:00.0,15.0,9.0
2024-05-17,104768835,2024-05-17,,14.0,20.0,2024-05-17T22:00:00.0,13.0,11.0
2024-05-18,104768835,2024-05-18,,14.0,20.0,2024-05-18T22:00:00.0,12.0,9.0
2024-05-19,104768835,2024-05-19,,13.0,16.0,2024-05-19T22:00:00.0,12.0,9.0
2024-05-20,104768835,2024-05-20,,14.0,19.0,2024-05-20T16:25:00.0,12.0,8.0
2024-05-21,104768835,2024-05-21,,13.0,19.0,2024-05-21T22:00:00.0,16.0,11.0
2024-05-22,104768835,2024-05-22,,13.0,23.0,2024-05-22T19:30:00.0,13.0,9.0
2024-05-23,104768835,2024-05-23,,14.0,21.0,2024-05-23T22:00:00.0,13.0,10.0
2024-05-24,104768835,2024-05-24,,13.0,21.0,2024-05-24T20:03:00.0,11.0,10.0
2024-05-25,104768835,2024-05-25,,13.0,20.0,2024-05-25T22:00:00.0,13.0,8.0
2024-05-26,104768835,2024-05-26,,12.0,17.0,2024-05-26T22:00:00.0,9.0,8.0
2024-05-27,104768835,2024-05-27,,13.0,16.0,2024-05-27T22:00:00.0,11.0,9.0
2024-05-28,104768835,2024-05-28,,13.0,17.0,2024-05-28T22:00:00.0,16.0,9.0
2024-05-29,104768835,2024-05-29,,13.0,22.0,2024-05-29T16:32:00.0,14.0,10.0
2024-05-30,104768835,2024-05-30,,13.0,19.0,2024-05-30T22:00:00.0,13.0,9.0
2024-05-31,104768835,2024-05-31,,13.0,19.0,2024-05-31T15:23:00.0,14.0,9.0
2024-06-01,104768835,2024-06-01,,13.0,19.0,2024-06-01T22:00:00.0,13.0,11.0
2024-06-02,104768835,2024-06-02,,13.0,19.0,2024-06-02T22:00:00.0,13.0,9.0
2024-06-03,104768835,2024-06-03,,13.0,17.0,2024-06-03T21:59:00.0,12.0,8.0
2024-06-04,104768835,2024-06-04,,14.0,23.0,2024-06-04T16:20:00.0,19.0,9.0
2024-06-05,104768835,2024-06-05,,13.0,15.0,2024-06-05T21:59:00.0,14.0,10.0
2024-06-06,104768835,2024-06-06,,13.0,16.0,2024-06-06T22:00:00.0,13.0,9.0
2024-06-07,104768835,2024-06-07,,13.0,20.0,2024-06-07T22:00:00.0,13.0,9.0
2024-06-08,104768835,2024-06-08,,13.0,20.0,2024-06-08T14:45:00.0,14.0,9.0
2024-06-09,104768835,2024-06-09,,14.0,15.0,2024-06-09T07:11:00.0,15.0,13.0
2024-06-10,104768835,2024-06-10,,13.0,19.0,2024-06-10T22:00:00.0,12.0,9.0
2024-06-11,104768835,2024-06-11,,13.0,19.0,2024-06-11T22:00:00.0,13.0,9.0
2024-06-12,104768835,2024-06-12,,13.0,21.0,2024-06-12T22:00:00.0,11.0,9.0
2024-06-13,104768835,2024-06-13,,13.0,20.0,2024-06-13T22:00:00.0,12.0,9.0
2024-06-14,104768835,2024-06-14,,13.0,19.0,2024-06-14T22:00:00.0,13.0,9.0
2024-06-15,104768835,2024-06-15,,13.0,16.0,2024-06-15T21:54:00.0,14.0,9.0
2024-06-16,104768835,2024-06-16,,13.0,20.0,2024-06-16T15:58:00.0,10.0,7.0
2024-06-17,104768835,2024-06-17,,13.0,18.0,2024-06-17T22:00:00.0,13.0,11.0
2024-06-18,104768835,2024-06-18,,14.0,19.0,2024-06-18T22:00:00.0,14.0,10.0
2024-06-19,104768835,2024-06-19,,14.0,19.0,2024-06-19T22:00:00.0,13.0,10.0
2024-06-20,104768835,2024-06-20,,14.0,25.0,2024-06-20T21:58:00.0,12.0,6.0
2024-06-21,104768835,2024-06-21,,13.0,16.0,2024-06-21T11:34:00.0,13.0,11.0
2024-06-22,104768835,2024-06-22,,13.0,17.0,2024-06-22T22:00:00.0,12.0,9.0
2024-06-23,104768835,2024-06-23,,13.0,18.0,2024-06-23T22:00:00.0,13.0,10.0
2024-06-24,104768835,2024-06-24,,13.0,17.0,2024-06-24T22:00:00.0,11.0,9.0
2024-06-25,104768835,2024-06-25,,13.0,15.0,2024-06-25T22:00:00.0,13.0,9.0
2024-06-26,104768835,2024-06-26,,13.0,16.0,2024-06-26T22:00:00.0,12.0,9.0
2024-06-27,104768835,2024-06-27,,13.0,18.0,2024-06-27T10:06:00.0,18.0,9.0
2024-06-28,104768835,2024-06-28,,13.0,16.0,2024-06-28T18:36:00.0,13.0,12.0
2024-06-29,104768835,2024-06-29,,13.0,20.0,2024-06-29T19:58:00.0,16.0,10.0
2024-06-30,104768835,2024-06-30,,13.0,16.0,2024-06-30T19:22:00.0,13.0,12.0
2024-07-01,104768835,2024-07-01,,13.0,15.0,2024-07-01T11:37:00.0,13.0,11.0
2024-07-02,104768835,2024-07-02,,14.0,19.0,2024-07-02T19:43:00.0,12.0,11.0
2024-07-03,104768835,2024-07-03,,13.0,16.0,2024-07-03T20:05:00.0,14.0,12.0
2024-07-04,104768835,2024-07-04,,13.0,16.0,2024-07-04T19:59:00.0,14.0,10.0
2024-07-05,104768835,2024-07-05,,14.0,19.0,2024-07-05T20:22:00.0,14.0,9.0
2024-07-06,104768835,2024-07-06,,14.0,16.0,2024-07-06T10:33:00.0,15.0,12.0
2024-07-07,104768835,2024-07-07,,14.0,20.0,2024-07-07T21:59:00.0,13.0,11.0
2024-07-08,104768835,2024-07-08,,14.0,21.0,2024-07-08T16:43:00.0,17.0,9.0
2024-07-09,104768835,2024-07-09,,14.0,20.0,2024-07-09T14:08:00.0,14.0,12.0
2024-07-10,104768835,2024-07-10,,13.0,18.0,2024-07-10T16:11:00.0,13.0,9.0
2024-07-11,104768835,2024-07-11,,13.0,16.0,2024-07-11T22:00:00.0,13.0,9.0
2024-07-12,104768835,2024-07-12,,13.0,16.0,2024-07-12T22:00:00.0,13.0,9.0
2024-07-13,104768835,2024-07-13,,13.0,17.0,2024-07-13T14:44:00.0,13.0,10.0
2024-07-14,104768835,2024-07-14,,13.0,18.0,2024-07-14T22:00:00.0,13.0,9.0
2024-07-15,104768835,2024-07-15,,13.0,16.0,2024-07-15T21:59:00.0,13.0,9.0
2024-07-16,104768835,2024-07-16,,13.0,23.0,2024-07-16T15:19:00.0,15.0,11.0
2024-07-17,104768835,2024-07-17,,13.0,15.0,2024-07-17T15:45:00.0,12.0,9.0
2024-07-18,104768835,2024-07-18,,13.0,17.0,2024-07-18T20:21:00.0,13.0,9.0
2024-07-19,104768835,2024-07-19,,13.0,18.0,2024-07-19T21:59:00.0,13.0,8.0
2024-07-20,104768835,2024-07-20,,12.0,15.0,2024-07-20T06:53:00.0,14.0,9.0
2024-07-21,104768835,2024-07-21,,13.0,16.0,2024-07-21T21:25:00.0,15.0,12.0
2024-07-22,104768835,2024-07-22,,14.0,21.0,2024-07-22T20:37:00.0,12.0,12.0
2024-07-23,104768835,2024-07-23,,13.0,15.0,2024-07-23T17:48:00.0,14.0,11.0
2024-07-24,104768835,2024-07-24,,16.0,19.0,2024-07-24T08:13:00.0,14.0,14.0
2024-07-25,104768835,2024-07-25,,14.0,21.0,2024-07-25T21:59:00.0,15.0,9.0
2024-07-26,104768835,2024-07-26,,14.0,20.0,2024-07-26T22:00:00.0,13.0,9.0
2024-07-27,104768835,2024-07-27,,13.0,20.0,2024-07-27T13:00:00.0,14.0,10.0
2024-07-28,104768835,2024-07-28,,14.0,16.0,2024-07-28T19:59:00.0,13.0,12.0
2024-07-29,104768835,2024-07-29,,13.0,17.0,2024-07-29T22:00:00.0,13.0,10.0
2024-07-30,104768835,2024-07-30,,13.0,19.0,2024-07-30T20:31:00.0,15.0,9.0
2024-07-31,104768835,2024-07-31,,13.0,20.0,2024-07-31T18:18:00.0,14.0,9.0
2024-08-01,104768835,2024-08-01,,13.0,19.0,2024-08-01T17:35:00.0,14.0,11.0
2024-08-02,104768835,2024-08-02,,14.0,20.0,2024-08-02T18:31:00.0,14.0,12.0
2024-08-04,104768835,2024-08-04,,14.0,19.0,2024-08-04T20:06:00.0,13.0,10.0
2024-08-05,104768835,2024-08-05,,13.0,15.0,2024-08-05T18:34:00.0,14.0,12.0
2024-08-06,104768835,2024-08-06,,14.0,21.0,2024-08-06T17:08:00.0,14.0,10.0
2024-08-07,104768835,2024-08-07,,14.0,18.0,2024-08-07T09:42:00.0,14.0,12.0
2024-08-08,104768835,2024-08-08,,13.0,15.0,2024-08-08T17:57:00.0,14.0,10.0
2024-08-09,104768835,2024-08-09,,13.0,20.0,2024-08-09T16:34:00.0,14.0,10.0
2024-08-10,104768835,2024-08-10,,17.0,22.0,2024-08-10T17:03:00.0,13.0,13.0
2024-08-11,104768835,2024-08-11,,13.0,16.0,2024-08-11T20:23:00.0,16.0,12.0
2024-08-12,104768835,2024-08-12,,13.0,16.0,2024-08-12T20:14:00.0,16.0,12.0
2024-08-13,104768835,2024-08-13,,14.0,19.0,2024-08-13T17:39:00.0,17.0,12.0
2024-08-15,104768835,2024-08-15,,13.0,16.0,2024-08-15T16:13:00.0,15.0,11.0
2024-08-16,104768835,2024-08-16,,13.0,14.0,2024-08-16T16:16:00.0,11.0,11.0
2024-08-17,104768835,2024-08-17,,13.0,14.0,2024-08-17T10:39:00.0,14.0,13.0
2024-08-18,104768835,2024-08-18,,14.0,16.0,2024-08-18T16:09:00.0,15.0,12.0
2024-08-19,104768835,2024-08-19,,14.0,17.0,2024-08-19T19:53:00.0,13.0,11.0
2024-08-20,104768835,2024-08-20,,14.0,15.0,2024-08-20T15:08:00.0,15.0,12.0
2024-08-21,104768835,2024-08-21,,13.0,15.0,2024-08-21T16:19:00.0,14.0,13.0
2024-08-22,104768835,2024-08-22,,13.0,16.0,2024-08-22T17:15:00.0,14.0,12.0
2024-08-23,104768835,2024-08-23,,14.0,17.0,2024-08-23T16:26:00.0,13.0,12.0
2024-08-24,104768835,2024-08-24,,13.0,15.0,2024-08-24T17:38:00.0,13.0,12.0
2024-08-25,104768835,2024-08-25,,14.0,19.0,2024-08-25T19:24:00.0,14.0,11.0
2024-08-27,104768835,2024-08-27,,14.0,16.0,2024-08-27T19:12:00.0,14.0,12.0
2024-08-28,104768835,2024-08-28,,13.0,15.0,2024-08-28T20:09:00.0,13.0,12.0
2024-08-29,104768835,2024-08-29,,13.0,15.0,2024-08-29T12:06:00.0,13.0,12.0
2024-08-30,104768835,2024-08-30,,13.0,17.0,2024-08-30T20:06:00.0,17.0,11.0
2024-08-31,104768835,2024-08-31,,14.0,20.0,2024-08-31T14:52:00.0,16.0,11.0
2024-09-01,104768835,2024-09-01,,13.0,15.0,2024-09-01T17:02:00.0,14.0,9.0
2024-09-02,104768835,2024-09-02,,14.0,19.0,2024-09-02T19:20:00.0,13.0,10.0
2024-09-03,104768835,2024-09-03,,13.0,18.0,2024-09-03T17:13:00.0,15.0,10.0
2024-09-04,104768835,2024-09-04,100,13.0,19.0,2024-09-04T17:07:00.0,15.0,10.0
2024-09-05,104768835,2024-09-05,100,13.0,15.0,2024-09-05T14:15:00.0,13.0,10.0
2024-09-06,104768835,2024-09-06,100,13.0,16.0,2024-09-06T17:04:00.0,13.0,11.0
2024-09-07,104768835,2024-09-07,100,13.0,18.0,2024-09-07T17:38:00.0,14.0,12.0
2024-09-08,104768835,2024-09-08,100,13.0,16.0,2024-09-08T12:12:00.0,13.0,10.0
2024-09-09,104768835,2024-09-09,100,13.0,15.0,2024-09-09T16:59:00.0,13.0,10.0
2024-09-10,104768835,2024-09-10,100,13.0,18.0,2024-09-10T17:11:00.0,14.0,10.0
2024-09-11,104768835,2024-09-11,100,13.0,15.0,2024-09-11T16:18:00.0,14.0,12.0
2024-09-13,104768835,2024-09-13,100,14.0,15.0,2024-09-13T15:45:00.0,13.0,12.0
2024-09-14,104768835,2024-09-14,100,14.0,20.0,2024-09-14T16:58:00.0,12.0,12.0
2024-09-15,104768835,2024-09-15,100,14.0,21.0,2024-09-15T17:09:00.0,13.0,11.0
2024-09-16,104768835,2024-09-16,100,14.0,20.0,2024-09-16T17:30:00.0,13.0,12.0
2024-09-17,104768835,2024-09-17,100,14.0,16.0,2024-09-17T16:53:00.0,13.0,11.0
2024-09-18,104768835,2024-09-18,100,13.0,19.0,2024-09-18T17:25:00.0,13.0,11.0
2024-09-19,104768835,2024-09-19,100,13.0,15.0,2024-09-19T17:33:00.0,14.0,10.0
2024-09-20,104768835,2024-09-20,100,13.0,15.0,2024-09-20T17:14:00.0,15.0,12.0
2024-09-21,104768835,2024-09-21,100,13.0,16.0,2024-09-21T17:49:00.0,14.0,12.0
2024-09-23,104768835,2024-09-23,100,13.0,15.0,2024-09-23T16:47:00.0,14.0,11.0
2024-09-24,104768835,2024-09-24,100,13.0,16.0,2024-09-24T17:05:00.0,13.0,11.0
2024-09-25,104768835,2024-09-25,100,13.0,18.0,2024-09-25T18:50:00.0,14.0,10.0
2024-09-26,104768835,2024-09-26,100,13.0,16.0,2024-09-26T16:16:00.0,13.0,10.0
2024-09-27,104768835,2024-09-27,100,13.0,20.0,2024-09-27T15:43:00.0,14.0,10.0
2024-09-28,104768835,2024-09-28,100,14.0,19.0,2024-09-28T11:40:00.0,14.0,12.0
2024-09-29,104768835,2024-09-29,100,14.0,18.0,2024-09-29T17:01:00.0,14.0,12.0
2024-09-30,104768835,2024-09-30,100,16.0,18.0,2024-09-30T06:35:00.0,15.0,15.0
2024-10-01,104768835,2024-10-01,100,13.0,16.0,2024-10-01T17:02:00.0,15.0,12.0
2024-10-02,104768835,2024-10-02,100,13.0,17.0,2024-10-02T16:40:00.0,14.0,9.0
2024-10-03,104768835,2024-10-03,100,13.0,16.0,2024-10-03T18:02:00.0,14.0,9.0
2024-10-04,104768835,2024-10-04,100,13.0,19.0,2024-10-04T17:43:00.0,12.0,10.0
2024-10-05,104768835,2024-10-05,100,14.0,16.0,2024-10-05T19:15:00.0,13.0,12.0
2024-10-06,104768835,2024-10-06,100,13.0,15.0,2024-10-06T16:18:00.0,14.0,12.0
2024-10-07,104768835,2024-10-07,100,13.0,16.0,2024-10-07T17:33:00.0,13.0,12.0
2024-10-08,104768835,2024-10-08,100,13.0,19.0,2024-10-08T17:19:00.0,15.0,10.0
2024-10-09,104768835,2024-10-09,100,13.0,15.0,2024-10-09T16:29:00.0,15.0,12.0
2024-10-10,104768835,2024-10-10,100,14.0,15.0,2024-10-10T15:19:00.0,14.0,12.0
2024-10-11,104768835,2024-10-11,100,13.0,20.0,2024-10-11T22:00:00.0,13.0,10.0
2024-10-12,104768835,2024-10-12,100,13.0,20.0,2024-10-12T22:00:00.0,14.0,10.0
2024-10-13,104768835,2024-10-13,100,13.0,19.0,2024-10-13T16:31:00.0,14.0,9.0
2024-10-14,104768835,2024-10-14,100,13.0,16.0,2024-10-14T17:36:00.0,14.0,10.0
2024-10-15,104768835,2024-10-15,100,14.0,16.0,2024-10-15T17:27:00.0,14.0,11.0
2024-10-16,104768835,2024-10-16,100,14.0,18.0,2024-10-16T19:31:00.0,14.0,10.0
2024-10-17,104768835,2024-10-17,100,13.0,16.0,2024-10-17T18:09:00.0,13.0,12.0
2024-10-18,104768835,2024-10-18,100,14.0,17.0,2024-10-18T14:38:00.0,15.0,11.0
2024-10-21,104768835,2024-10-21,100,13.0,19.0,2024-10-21T22:00:00.0,15.0,10.0
2024-10-22,104768835,2024-10-22,100,13.0,19.0,2024-10-22T19:28:00.0,13.0,9.0
2024-10-23,104768835,2024-10-23,100,14.0,19.0,2024-10-23T19:16:00.0,13.0,10.0
2024-10-24,104768835,2024-10-24,100,13.0,19.0,2024-10-24T18:44:00.0,13.0,11.0
2024-10-25,104768835,2024-10-25,100,13.0,16.0,2024-10-25T16:07:00.0,14.0,12.0
2024-10-26,104768835,2024-10-26,100,14.0,15.0,2024-10-26T15:56:00.0,14.0,12.0
2024-10-27,104768835,2024-10-27,100,13.0,15.0,2024-10-27T16:56:00.0,13.0,12.0
2024-10-28,104768835,2024-10-28,100,14.0,19.0,2024-10-28T22:59:00.0,13.0,11.0
2024-10-29,104768835,2024-10-29,100,14.0,21.0,2024-10-29T14:40:00.0,13.0,10.0
2024-10-30,104768835,2024-10-30,100,13.0,16.0,2024-10-30T20:02:00.0,15.0,10.0
2024-10-31,104768835,2024-10-31,100,14.0,20.0,2024-10-31T16:53:00.0,15.0,10.0
2024-11-01,104768835,2024-11-01,100,13.0,16.0,2024-11-01T16:53:00.0,15.0,10.0
2024-11-02,104768835,2024-11-02,100,14.0,16.0,2024-11-02T09:22:00.0,15.0,12.0
2024-11-03,104768835,2024-11-03,100,14.0,15.0,2024-11-03T12:36:00.0,15.0,13.0
2024-11-04,104768835,2024-11-04,100,14.0,19.0,2024-11-04T17:56:00.0,15.0,11.0
2024-11-05,104768835,2024-11-05,100,14.0,19.0,2024-11-05T18:25:00.0,14.0,12.0
2024-11-06,104768835,2024-11-06,100,13.0,18.0,2024-11-06T16:43:00.0,15.0,12.0
2024-11-07,104768835,2024-11-07,100,14.0,20.0,2024-11-07T14:09:00.0,14.0,11.0
2024-11-08,104768835,2024-11-08,100,14.0,19.0,2024-11-08T17:20:00.0,13.0,12.0
2024-11-10,104768835,2024-11-10,100,14.0,19.0,2024-11-10T15:58:00.0,13.0,11.0
2024-11-12,104768835,2024-11-12,100,13.0,15.0,2024-11-12T17:12:00.0,15.0,10.0
2024-11-13,104768835,2024-11-13,100,13.0,17.0,2024-11-13T21:03:00.0,15.0,10.0
2024-11-14,104768835,2024-11-14,100,14.0,19.0,2024-11-14T23:00:00.0,13.0,12.0
2024-11-15,104768835,2024-11-15,100,14.0,21.0,2024-11-15T21:15:00.0,13.0,9.0
2024-11-16,104768835,2024-11-16,100,15.0,21.0,2024-11-16T20:59:00.0,15.0,12.0
2024-11-17,104768835,2024-11-17,100,14.0,19.0,2024-11-17T20:57:00.0,12.0,11.0
2024-11-18,104768835,2024-11-18,100,14.0,17.0,2024-11-18T23:00:00.0,12.0,11.0
2024-11-19,104768835,2024-11-19,100,13.0,20.0,2024-11-19T23:00:00.0,13.0,9.0
2024-11-20,104768835,2024-11-20,100,13.0,17.0,2024-11-20T22:59:00.0,14.0,8.0
2024-11-21,104768835,2024-11-21,100,14.0,21.0,2024-11-21T23:00:00.0,13.0,10.0
2024-11-22,104768835,2024-11-22,100,14.0,18.0,2024-11-22T23:00:00.0,14.0,10.0
2024-11-23,104768835,2024-11-23,100,14.0,22.0,2024-11-23T21:36:00.0,11.0,9.0
2024-11-25,104768835,2024-11-25,100,13.0,17.0,2024-11-25T17:05:00.0,11.0,11.0
2024-11-26,104768835,2024-11-26,100,13.0,15.0,2024-11-26T18:18:00.0,15.0,10.0
2024-11-27,104768835,2024-11-27,100,14.0,19.0,2024-11-27T20:32:00.0,15.0,12.0
2024-11-29,104768835,2024-11-29,100,13.0,18.0,2024-11-29T22:04:00.0,14.0,12.0
2024-11-30,104768835,2024-11-30,100,14.0,19.0,2024-11-30T14:58:00.0,14.0,11.0
2024-12-01,104768835,2024-12-01,100,14.0,16.0,2024-12-01T23:00:00.0,14.0,10.0
2024-12-02,104768835,2024-12-02,100,13.0,21.0,2024-12-02T22:59:00.0,14.0,10.0
2024-12-03,104768835,2024-12-03,100,14.0,25.0,2024-12-03T23:00:00.0,13.0,11.0
2024-12-04,104768835,2024-12-04,100,14.0,22.0,2024-12-04T23:00:00.0,12.0,9.0
2024-12-05,104768835,2024-12-05,100,15.0,22.0,2024-12-05T16:41:00.0,19.0,8.0
2024-12-06,104768835,2024-12-06,100,14.0,16.0,2024-12-06T23:00:00.0,13.0,12.0
2024-12-07,104768835,2024-12-07,100,14.0,18.0,2024-12-07T23:00:00.0,13.0,9.0
2024-12-08,104768835,2024-12-08,100,14.0,20.0,2024-12-08T23:00:00.0,15.0,9.0
2024-12-09,104768835,2024-12-09,100,14.0,20.0,2024-12-09T17:40:00.0,13.0,9.0
2024-12-10,104768835,2024-12-10,100,13.0,16.0,2024-12-10T18:12:00.0,14.0,10.0
2024-12-11,104768835,2024-12-11,100,13.0,16.0,2024-12-11T17:15:00.0,13.0,10.0
2024-12-12,104768835,2024-12-12,100,13.0,17.0,2024-12-12T15:58:00.0,15.0,10.0
2024-12-13,104768835,2024-12-13,100,13.0,19.0,2024-12-13T22:59:00.0,12.0,10.0
2024-12-14,104768835,2024-12-14,100,14.0,19.0,2024-12-14T18:03:00.0,15.0,9.0
2024-12-16,104768835,2024-12-16,100,14.0,20.0,2024-12-16T23:00:00.0,14.0,11.0
2024-12-17,104768835,2024-12-17,100,13.0,18.0,2024-12-17T18:06:00.0,13.0,9.0
2024-12-18,104768835,2024-12-18,100,14.0,21.0,2024-12-18T17:14:00.0,13.0,10.0
2024-12-19,104768835,2024-12-19,100,14.0,21.0,2024-12-19T17:52:00.0,14.0,11.0
2024-12-20,104768835,2024-12-20,100,13.0,16.0,2024-12-20T18:06:00.0,12.0,9.0
2024-12-21,104768835,2024-12-21,100,13.0,16.0,2024-12-21T20:28:00.0,12.0,11.0
2024-12-22,104768835,2024-12-22,100,14.0,22.0,2024-12-22T20:36:00.0,13.0,10.0
2024-12-23,104768835,2024-12-23,100,14.0,17.0,2024-12-23T16:44:00.0,16.0,10.0
2024-12-24,104768835,2024-12-24,100,14.0,16.0,2024-12-24T21:53:00.0,16.0,10.0
2024-12-25,104768835,2024-12-25,100,13.0,15.0,2024-12-25T18:33:00.0,15.0,11.0
2024-12-27,104768835,2024-12-27,100,13.0,15.0,2024-12-27T10:30:00.0,14.0,12.0
2024-12-28,104768835,2024-12-28,100,14.0,19.0,2024-12-28T15:28:00.0,15.0,12.0
2024-12-29,104768835,2024-12-29,100,13.0,16.0,2024-12-29T16:05:00.0,15.0,12.0
2024-12-30,104768835,2024-12-30,100,14.0,16.0,2024-12-30T19:45:00.0,12.0,10.0
2024-12-31,104768835,2024-12-31,100,13.0,16.0,2024-12-31T23:00:00.0,15.0,11.0
2025-01-01,104768835,2025-01-01,100,14.0,16.0,2025-01-01T18:52:00.0,13.0,9.0
2025-01-02,104768835,2025-01-02,100,13.0,14.0,2025-01-02T10:14:00.0,13.0,12.0
2025-01-03,104768835,2025-01-03,100,13.0,18.0,2025-01-03T16:37:00.0,14.0,12.0
2025-01-04,104768835,2025-01-04,100,13.0,15.0,2025-01-04T22:52:00.0,10.0,10.0
2025-01-06,104768835,2025-01-06,100,14.0,15.0,2025-01-06T17:08:00.0,14.0,14.0
2025-01-07,104768835,2025-01-07,100,13.0,16.0,2025-01-07T22:59:00.0,12.0,11.0
2025-01-08,104768835,2025-01-08,100,13.0,20.0,2025-01-08T23:00:00.0,20.0,9.0
2025-01-09,104768835,2025-01-09,100,13.0,20.0,2025-01-09T23:00:00.0,11.0,9.0
2025-01-10,104768835,2025-01-10,100,13.0,17.0,2025-01-10T23:00:00.0,11.0,8.0
2025-01-11,104768835,2025-01-11,100,14.0,20.0,2025-01-11T23:00:00.0,14.0,9.0
2025-01-12,104768835,2025-01-12,100,13.0,20.0,2025-01-12T23:00:00.0,14.0,10.0
2025-01-13,104768835,2025-01-13,100,13.0,16.0,2025-01-13T23:00:00.0,14.0,10.0
2025-01-14,104768835,2025-01-14,100,14.0,22.0,2025-01-14T16:09:00.0,18.0,9.0
2025-01-15,104768835,2025-01-15,100,14.0,20.0,2025-01-15T23:00:00.0,12.0,10.0
2025-01-16,104768835,2025-01-16,100,13.0,16.0,2025-01-16T22:59:00.0,13.0,9.0
2025-01-17,104768835,2025-01-17,100,13.0,16.0,2025-01-17T17:14:00.0,15.0,9.0
2025-01-18,104768835,2025-01-18,100,13.0,15.0,2025-01-18T18:42:00.0,13.0,11.0
2025-01-19,104768835,2025-01-19,100,14.0,18.0,2025-01-19T17:08:00.0,14.0,10.0
2025-01-20,104768835,2025-01-20,100,13.0,16.0,2025-01-20T23:00:00.0,13.0,10.0
2025-01-21,104768835,2025-01-21,100,13.0,20.0,2025-01-21T18:09:00.0,16.0,9.0
2025-01-22,104768835,2025-01-22,100,13.0,15.0,2025-01-22T17:48:00.0,15.0,10.0
2025-01-23,104768835,2025-01-23,100,14.0,17.0,2025-01-23T16:53:00.0,13.0,13.0
2025-01-24,104768835,2025-01-24,100,13.0,17.0,2025-01-24T23:00:00.0,13.0,10.0
2025-01-25,104768835,2025-01-25,100,13.0,19.0,2025-01-25T13:34:00.0,15.0,8.0
2025-01-26,104768835,2025-01-26,100,14.0,20.0,2025-01-26T19:07:00.0,15.0,11.0
2025-01-27,104768835,2025-01-27,100,13.0,16.0,2025-01-27T17:28:00.0,14.0,10.0
2025-01-29,104768835,2025-01-29,100,13.0,15.0,2025-01-29T17:23:00.0,15.0,10.0
2025-02-01,104768835,2025-02-01,100,14.0,16.0,2025-02-01T17:11:00.0,14.0,10.0
2025-02-02,104768835,2025-02-02,100,14.0,16.0,2025-02-02T17:23:00.0,14.0,11.0
2025-02-03,104768835,2025-02-03,100,14.0,19.0,2025-02-03T18:13:00.0,14.0,12.0
2025-02-04,104768835,2025-02-04,100,14.0,15.0,2025-02-04T17:54:00.0,15.0,12.0
2025-02-05,104768835,2025-02-05,100,13.0,16.0,2025-02-05T23:00:00.0,15.0,11.0
2025-02-06,104768835,2025-02-06,100,13.0,22.0,2025-02-06T17:25:00.0,15.0,10.0
2025-02-07,104768835,2025-02-07,100,13.0,15.0,2025-02-07T17:41:00.0,14.0,10.0
2025-02-08,104768835,2025-02-08,100,16.0,21.0,2025-02-08T10:54:00.0,15.0,13.0
2025-02-10,104768835,2025-02-10,100,13.0,15.0,2025-02-10T16:57:00.0,14.0,11.0
2025-02-11,104768835,2025-02-11,100,14.0,21.0,2025-02-11T18:05:00.0,18.0,12.0
2025-02-12,104768835,2025-02-12,100,13.0,17.0,2025-02-12T19:17:00.0,14.0,11.0
2025-02-13,104768835,2025-02-13,100,14.0,19.0,2025-02-13T23:00:00.0,14.0,11.0
2025-02-14,104768835,2025-02-14,100,14.0,21.0,2025-02-14T18:19:00.0,14.0,9.0
2025-02-15,104768835,2025-02-15,100,14.0,21.0,2025-02-15T21:17:00.0,14.0,10.0
2025-02-16,104768835,2025-02-16,100,14.0,16.0,2025-02-16T23:00:00.0,13.0,9.0
2025-02-17,104768835,2025-02-17,100,14.0,22.0,2025-02-17T19:55:00.0,14.0,10.0
2025-02-18,104768835,2025-02-18,100,13.0,17.0,2025-02-18T23:00:00.0,14.0,9.0
2025-02-19,104768835,2025-02-19,100,13.0,20.0,2025-02-19T17:06:00.0,15.0,9.0
2025-02-20,104768835,2025-02-20,100,13.0,15.0,2025-02-20T17:13:00.0,13.0,10.0
2025-02-21,104768835,2025-02-21,100,14.0,19.0,2025-02-21T15:47:00.0,15.0,12.0
2025-02-22,104768835,2025-02-22,100,14.0,20.0,2025-02-22T13:17:00.0,13.0,12.0
2025-02-23,104768835,2025-02-23,100,13.0,19.0,2025-02-23T23:00:00.0,14.0,11.0
2025-02-24,104768835,2025-02-24,100,13.0,18.0,2025-02-24T22:59:00.0,12.0,9.0
2025-02-25,104768835,2025-02-25,100,14.0,21.0,2025-02-25T17:57:00.0,13.0,10.0
2025-02-26,104768835,2025-02-26,100,14.0,20.0,2025-02-26T17:30:00.0,13.0,12.0
2025-02-27,104768835,2025-02-27,100,15.0,21.0,2025-02-27T23:00:00.0,14.0,9.0
2025-02-28,104768835,2025-02-28,100,14.0,20.0,2025-02-28T17:22:00.0,13.0,10.0
2025-03-01,104768835,2025-03-01,100,14.0,19.0,2025-03-01T17:19:00.0,14.0,12.0
2025-03-02,104768835,2025-03-02,100,14.0,15.0,2025-03-02T10:20:00.0,14.0,13.0
2025-03-03,104768835,2025-03-03,100,14.0,20.0,2025-03-03T23:00:00.0,13.0,10.0
2025-03-04,104768835,2025-03-04,100,14.0,20.0,2025-03-04T18:31:00.0,14.0,9.0
2025-03-05,104768835,2025-03-05,100,13.0,23.0,2025-03-05T23:00:00.0,13.0,9.0
2025-03-06,104768835,2025-03-06,100,14.0,19.0,2025-03-06T22:59:00.0,12.0,9.0
2025-03-07,104768835,2025-03-07,100,14.0,22.0,2025-03-07T23:00:00.0,14.0,8.0
2025-03-08,104768835,2025-03-08,100,14.0,21.0,2025-03-08T23:00:00.0,13.0,9.0
2025-03-09,104768835,2025-03-09,100,13.0,21.0,2025-03-09T23:00:00.0,13.0,9.0
2025-03-10,104768835,2025-03-10,100,13.0,16.0,2025-03-10T23:00:00.0,13.0,9.0
2025-03-11,104768835,2025-03-11,100,13.0,16.0,2025-03-11T18:38:00.0,14.0,9.0
2025-03-12,104768835,2025-03-12,100,14.0,15.0,2025-03-12T23:00:00.0,12.0,12.0
2025-03-13,104768835,2025-03-13,100,13.0,15.0,2025-03-13T18:26:00.0,14.0,9.0
2025-03-14,104768835,2025-03-14,100,14.0,20.0,2025-03-14T23:00:00.0,13.0,10.0
2025-03-15,104768835,2025-03-15,100,14.0,20.0,2025-03-15T10:30:00.0,12.0,9.0
2025-03-16,104768835,2025-03-16,100,14.0,19.0,2025-03-16T22:04:00.0,15.0,11.0
2025-03-17,104768835,2025-03-17,100,14.0,19.0,2025-03-17T17:10:00.0,15.0,11.0
2025-03-18,104768835,2025-03-18,100,14.0,18.0,2025-03-18T17:35:00.0,13.0,12.0
2025-03-19,104768835,2025-03-19,100,13.0,20.0,2025-03-19T18:05:00.0,14.0,12.0
2025-03-20,104768835,2025-03-20,100,13.0,15.0,2025-03-20T21:12:00.0,15.0,11.0
2025-03-21,104768835,2025-03-21,100,14.0,19.0,2025-03-21T16:57:00.0,14.0,11.0
2025-03-22,104768835,2025-03-22,100,14.0,17.0,2025-03-22T12:43:00.0,14.0,10.0
2025-03-23,104768835,2025-03-23,100,14.0,19.0,2025-03-23T15:07:00.0,14.0,12.0
2025-03-24,104768835,2025-03-24,100,13.0,16.0,2025-03-24T18:38:00.0,13.0,9.0
2025-03-25,104768835,2025-03-25,100,14.0,21.0,2025-03-25T18:16:00.0,13.0,12.0
2025-03-27,104768835,2025-03-27,100,13.0,19.0,2025-03-27T23:00:00.0,12.0,12.0
2025-03-28,104768835,2025-03-28,100,14.0,20.0,2025-03-28T23:00:00.0,13.0,9.0
2025-03-29,104768835,2025-03-29,100,14.0,20.0,2025-03-29T23:00:00.0,13.0,10.0
2025-03-30,104768835,2025-03-30,100,14.0,20.0,2025-03-30T22:00:00.0,12.0,9.0
2025-03-31,104768835,2025-03-31,100,14.0,20.0,2025-03-31T22:00:00.0,13.0,9.0
2025-04-01,104768835,2025-04-01,100,13.0,16.0,2025-04-01T17:37:00.0,14.0,10.0
2025-04-02,104768835,2025-04-02,100,13.0,19.0,2025-04-02T16:53:00.0,12.0,10.0
2025-04-03,104768835,2025-04-03,100,13.0,17.0,2025-04-03T20:26:00.0,14.0,10.0
2025-04-04,104768835,2025-04-04,100,14.0,21.0,2025-04-04T20:28:00.0,13.0,10.0
2025-04-05,104768835,2025-04-05,100,14.0,18.0,2025-04-05T18:38:00.0,17.0,8.0
2025-04-06,104768835,2025-04-06,100,14.0,20.0,2025-04-06T16:33:00.0,13.0,12.0
2025-04-07,104768835,2025-04-07,100,15.0,22.0,2025-04-07T18:30:00.0,12.0,12.0
2025-04-08,104768835,2025-04-08,100,13.0,17.0,2025-04-08T22:00:00.0,11.0,10.0
2025-04-09,104768835,2025-04-09,100,13.0,23.0,2025-04-09T17:53:00.0,14.0,9.0
2025-04-10,104768835,2025-04-10,100,13.0,16.0,2025-04-10T21:59:00.0,13.0,10.0
2025-04-11,104768835,2025-04-11,100,14.0,20.0,2025-04-11T17:01:00.0,15.0,9.0
2025-04-12,104768835,2025-04-12,100,13.0,18.0,2025-04-12T20:26:00.0,15.0,10.0
2025-04-13,104768835,2025-04-13,100,14.0,16.0,2025-04-13T13:03:00.0,13.0,12.0
2025-04-14,104768835,2025-04-14,100,13.0,17.0,2025-04-14T20:25:00.0,17.0,11.0
2025-04-15,104768835,2025-04-15,100,14.0,20.0,2025-04-15T21:03:00.0,15.0,11.0
2025-04-16,104768835,2025-04-16,100,14.0,19.0,2025-04-16T19:56:00.0,15.0,10.0
2025-04-17,104768835,2025-04-17,100,14.0,15.0,2025-04-17T18:37:00.0,14.0,12.0
2025-04-18,104768835,2025-04-18,100,13.0,17.0,2025-04-18T20:39:00.0,12.0,10.0
2025-04-19,104768835,2025-04-19,100,14.0,19.0,2025-04-19T22:00:00.0,13.0,10.0
2025-04-20,104768835,2025-04-20,100,13.0,18.0,2025-04-20T16:24:00.0,14.0,10.0
2025-04-21,104768835,2025-04-21,100,13.0,19.0,2025-04-21T21:56:00.0,15.0,12.0
2025-04-22,104768835,2025-04-22,100,13.0,20.0,2025-04-22T22:00:00.0,12.0,10.0
2025-04-23,104768835,2025-04-23,100,14.0,21.0,2025-04-23T18:35:00.0,14.0,9.0
2025-04-24,104768835,2025-04-24,100,13.0,16.0,2025-04-24T21:09:00.0,15.0,9.0
2025-04-25,104768835,2025-04-25,100,13.0,17.0,2025-04-25T18:09:00.0,13.0,11.0
2025-04-26,104768835,2025-04-26,100,13.0,18.0,2025-04-26T18:39:00.0,13.0,10.0
2025-04-27,104768835,2025-04-27,100,13.0,15.0,2025-04-27T13:53:00.0,13.0,12.0
2025-04-28,104768835,2025-04-28,100,14.0,20.0,2025-04-28T21:01:00.0,16.0,12.0
2025-04-29,104768835,2025-04-29,100,13.0,17.0,2025-04-29T21:16:00.0,14.0,10.0
2025-04-30,104768835,2025-04-30,100,14.0,20.0,2025-04-30T21:02:00.0,13.0,12.0
2025-05-01,104768835,2025-05-01,100,13.0,18.0,2025-05-01T18:35:00.0,12.0,10.0
2025-05-02,104768835,2025-05-02,100,16.0,16.0,2025-05-02T10:03:00.0,16.0,15.0
2025-05-03,104768835,2025-05-03,100,14.0,21.0,2025-05-03T16:45:00.0,13.0,12.0
2025-05-04,104768835,2025-05-04,100,13.0,15.0,2025-05-04T17:06:00.0,15.0,12.0
2025-05-05,104768835,2025-05-05,100,13.0,16.0,2025-05-05T20:11:00.0,14.0,12.0
2025-05-06,104768835,2025-05-06,100,13.0,19.0,2025-05-06T18:16:00.0,14.0,10.0
2025-05-07,104768835,2025-05-07,100,14.0,22.0,2025-05-07T19:10:00.0,13.0,11.0
2025-05-08,104768835,2025-05-08,100,14.0,16.0,2025-05-08T21:59:00.0,12.0,12.0
2025-05-09,104768835,2025-05-09,100,13.0,16.0,2025-05-09T19:31:00.0,16.0,10.0
2025-05-10,104768835,2025-05-10,100,14.0,14.0,2025-05-10T07:28:00.0,14.0,14.0
2025-05-11,104768835,2025-05-11,100,14.0,20.0,2025-05-11T17:47:00.0,15.0,10.0
2025-05-12,104768835,2025-05-12,100,14.0,15.0,2025-05-12T16:42:00.0,14.0,12.0
2025-05-13,104768835,2025-05-13,100,14.0,19.0,2025-05-13T22:00:00.0,11.0,10.0
2025-05-14,104768835,2025-05-14,100,13.0,20.0,2025-05-14T20:40:00.0,13.0,10.0
2025-05-15,104768835,2025-05-15,100,13.0,16.0,2025-05-15T22:00:00.0,12.0,11.0
2025-05-16,104768835,2025-05-16,100,14.0,20.0,2025-05-16T18:12:00.0,14.0,9.0
2025-05-17,104768835,2025-05-17,100,14.0,16.0,2025-05-17T19:32:00.0,13.0,11.0
2025-05-18,104768835,2025-05-18,100,14.0,20.0,2025-05-18T17:26:00.0,14.0,12.0
2025-05-19,104768835,2025-05-19,100,13.0,16.0,2025-05-19T18:50:00.0,13.0,10.0
2025-05-20,104768835,2025-05-20,100,13.0,16.0,2025-05-20T17:21:00.0,10.0,10.0
2025-05-21,104768835,2025-05-21,100,13.0,20.0,2025-05-21T22:00:00.0,13.0,10.0
2025-05-22,104768835,2025-05-22,100,13.0,16.0,2025-05-22T18:28:00.0,12.0,10.0
2025-05-24,104768835,2025-05-24,100,13.0,15.0,2025-05-24T20:05:00.0,14.0,9.0
2025-05-25,104768835,2025-05-25,100,13.0,15.0,2025-05-25T20:20:00.0,14.0,10.0
2025-05-26,104768835,2025-05-26,100,14.0,17.0,2025-05-26T16:56:00.0,14.0,11.0
2025-05-27,104768835,2025-05-27,100,14.0,20.0,2025-05-27T17:29:00.0,14.0,12.0
2025-05-28,104768835,2025-05-28,100,13.0,17.0,2025-05-28T22:00:00.0,13.0,10.0
2025-05-29,104768835,2025-05-29,100,13.0,16.0,2025-05-29T22:00:00.0,13.0,9.0
2025-05-30,104768835,2025-05-30,100,13.0,21.0,2025-05-30T22:00:00.0,14.0,9.0
2025-05-31,104768835,2025-05-31,100,13.0,21.0,2025-05-31T22:00:00.0,12.0,10.0
2025-06-01,104768835,2025-06-01,100,14.0,20.0,2025-06-01T22:00:00.0,12.0,9.0
2025-06-02,104768835,2025-06-02,100,14.0,18.0,2025-06-02T18:49:00.0,14.0,10.0
2025-06-03,104768835,2025-06-03,100,13.0,16.0,2025-06-03T19:36:00.0,13.0,10.0
2025-06-04,104768835,2025-06-04,100,13.0,15.0,2025-06-04T15:48:00.0,13.0,9.0
2025-06-05,104768835,2025-06-05,100,13.0,19.0,2025-06-05T22:00:00.0,13.0,11.0
2025-06-06,104768835,2025-06-06,100,13.0,15.0,2025-06-06T22:00:00.0,12.0,8.0
2025-06-07,104768835,2025-06-07,100,13.0,17.0,2025-06-07T22:00:00.0,15.0,9.0
2025-06-08,104768835,2025-06-08,100,13.0,16.0,2025-06-08T20:08:00.0,13.0,11.0
2025-06-09,104768835,2025-06-09,100,13.0,15.0,2025-06-09T18:55:00.0,13.0,10.0
2025-06-10,104768835,2025-06-10,100,13.0,20.0,2025-06-10T22:00:00.0,13.0,10.0
2025-06-11,104768835,2025-06-11,100,14.0,20.0,2025-06-11T22:00:00.0,12.0,9.0
2025-06-12,104768835,2025-06-12,100,14.0,21.0,2025-06-12T22:00:00.0,18.0,9.0
2025-06-13,104768835,2025-06-13,100,14.0,23.0,2025-06-13T16:20:00.0,14.0,11.0
2025-06-14,104768835,2025-06-14,100,14.0,16.0,2025-06-14T22:00:00.0,13.0,11.0
2025-06-15,104768835,2025-06-15,100,13.0,16.0,2025-06-15T22:00:00.0,14.0,9.0
2025-06-16,104768835,2025-06-16,100,14.0,22.0,2025-06-16T19:15:00.0,16.0,9.0
2025-06-17,104768835,2025-06-17,100,13.0,21.0,2025-06-17T21:59:00.0,14.0,11.0
2025-06-18,104768835,2025-06-18,100,13.0,23.0,2025-06-18T19:02:00.0,14.0,9.0
2025-06-19,104768835,2025-06-19,100,13.0,20.0,2025-06-19T22:00:00.0,12.0,11.0
2025-06-20,104768835,2025-06-20,100,13.0,19.0,2025-06-20T19:15:00.0,12.0,9.0
2025-06-21,104768835,2025-06-21,100,14.0,15.0,2025-06-21T22:00:00.0,13.0,9.0
2025-06-22,104768835,2025-06-22,100,13.0,16.0,2025-06-22T17:42:00.0,13.0,11.0
2025-06-23,104768835,2025-06-23,100,13.0,18.0,2025-06-23T22:00:00.0,12.0,10.0
2025-06-24,104768835,2025-06-24,100,14.0,20.0,2025-06-24T18:01:00.0,15.0,10.0
2025-06-25,104768835,2025-06-25,100,13.0,18.0,2025-06-25T19:45:00.0,14.0,10.0
2025-06-26,104768835,2025-06-26,100,13.0,19.0,2025-06-26T22:00:00.0,13.0,10.0
2025-06-27,104768835,2025-06-27,100,13.0,16.0,2025-06-27T17:21:00.0,13.0,10.0
2025-06-28,104768835,2025-06-28,100,13.0,18.0,2025-06-28T15:20:00.0,13.0,11.0
2025-06-29,104768835,2025-06-29,100,13.0,15.0,2025-06-29T09:53:00.0,13.0,12.0
2025-06-30,104768835,2025-06-30,100,13.0,16.0,2025-06-30T16:37:00.0,14.0,10.0
2025-07-01,104768835,2025-07-01,100,13.0,15.0,2025-07-01T09:55:00.0,15.0,11.0
2025-07-02,104768835,2025-07-02,100,13.0,15.0,2025-07-02T17:29:00.0,13.0,9.0
2025-07-03,104768835,2025-07-03,100,14.0,16.0,2025-07-03T18:26:00.0,13.0,12.0
2025-07-04,104768835,2025-07-04,100,13.0,21.0,2025-07-04T16:55:00.0,18.0,10.0
2025-07-05,104768835,2025-07-05,100,13.0,18.0,2025-07-05T19:12:00.0,12.0,11.0
2025-07-06,104768835,2025-07-06,100,15.0,16.0,2025-07-06T17:08:00.0,14.0,14.0
2025-07-07,104768835,2025-07-07,100,13.0,15.0,2025-07-07T18:39:00.0,14.0,10.0
2025-07-08,104768835,2025-07-08,100,13.0,16.0,2025-07-08T19:38:00.0,14.0,10.0
2025-07-09,104768835,2025-07-09,100,14.0,19.0,2025-07-09T22:00:00.0,13.0,10.0
2025-07-10,104768835,2025-07-10,100,14.0,23.0,2025-07-10T21:59:00.0,13.0,9.0
2025-07-11,104768835,2025-07-11,100,13.0,20.0,2025-07-11T18:42:00.0,14.0,7.0
2025-07-12,104768835,2025-07-12,100,13.0,17.0,2025-07-12T22:00:00.0,13.0,10.0
2025-07-13,104768835,2025-07-13,100,13.0,18.0,2025-07-13T18:47:00.0,12.0,10.0
2025-07-14,104768835,2025-07-14,100,14.0,21.0,2025-07-14T18:19:00.0,14.0,10.0
2025-07-15,104768835,2025-07-15,100,13.0,16.0,2025-07-15T18:33:00.0,15.0,10.0
2025-07-16,104768835,2025-07-16,100,13.0,15.0,2025-07-16T17:15:00.0,14.0,10.0
2025-07-17,104768835,2025-07-17,100,14.0,21.0,2025-07-17T21:46:00.0,13.0,12.0
2025-07-18,104768835,2025-07-18,100,13.0,16.0,2025-07-18T19:05:00.0,14.0,10.0
2025-07-19,104768835,2025-07-19,100,13.0,17.0,2025-07-19T22:00:00.0,14.0,11.0
2025-07-20,104768835,2025-07-20,100,13.0,17.0,2025-07-20T18:22:00.0,14.0,9.0
2025-07-21,104768835,2025-07-21,100,13.0,21.0,2025-07-21T21:59:00.0,14.0,10.0
2025-07-22,104768835,2025-07-22,100,13.0,19.0,2025-07-22T19:55:00.0,12.0,10.0
2025-07-23,104768835,2025-07-23,100,13.0,19.0,2025-07-23T18:41:00.0,14.0,10.0
2025-07-24,104768835,2025-07-24,100,13.0,20.0,2025-07-24T16:30:00.0,14.0,10.0
2025-07-25,104768835,2025-07-25,100,13.0,15.0,2025-07-25T17:06:00.0,10.0,10.0
2025-07-26,104768835,2025-07-26,100,13.0,16.0,2025-07-26T17:45:00.0,15.0,10.0
2025-07-27,104768835,2025-07-27,100,13.0,16.0,2025-07-27T17:08:00.0,12.0,10.0
2025-07-28,104768835,2025-07-28,100,14.0,16.0,2025-07-28T19:04:00.0,16.0,12.0
2025-07-29,104768835,2025-07-29,100,13.0,16.0,2025-07-29T19:00:00.0,13.0,11.0
2025-07-30,104768835,2025-07-30,100,13.0,16.0,2025-07-30T19:24:00.0,15.0,10.0
2025-07-31,104768835,2025-07-31,100,13.0,20.0,2025-07-31T22:00:00.0,12.0,10.0
2025-08-01,104768835,2025-08-01,100,13.0,17.0,2025-08-01T19:52:00.0,12.0,9.0
2025-08-02,104768835,2025-08-02,100,13.0,19.0,2025-08-02T19:01:00.0,14.0,11.0
2025-08-03,104768835,2025-08-03,100,13.0,19.0,2025-08-03T19:33:00.0,15.0,10.0
2025-08-04,104768835,2025-08-04,100,13.0,16.0,2025-08-04T16:51:00.0,15.0,10.0
2025-08-05,104768835,2025-08-05,100,14.0,21.0,2025-08-05T15:30:00.0,14.0,12.0
2025-08-06,104768835,2025-08-06,100,13.0,15.0,2025-08-06T22:00:00.0,10.0,3.0
2025-08-07,104768835,2025-08-07,100,13.0,16.0,2025-08-07T20:28:00.0,14.0,9.0
2025-08-08,104768835,2025-08-08,100,13.0,19.0,2025-08-08T21:04:00.0,15.0,10.0
2025-08-09,104768835,2025-08-09,100,13.0,15.0,2025-08-09T11:53:00.0,13.0,12.0
2025-08-10,104768835,2025-08-10,100,12.0,13.0,2025-08-10T06:53:00.0,13.0,11.0
2025-08-15,104768835,2025-08-15,100,13.0,16.0,2025-08-15T19:13:00.0,14.0,10.0
2025-08-16,104768835,2025-08-16,100,14.0,20.0,2025-08-16T11:54:00.0,13.0,11.0
2025-08-17,104768835,2025-08-17,100,13.0,15.0,2025-08-17T08:40:00.0,14.0,11.0
2025-08-19,104768835,2025-08-19,100,13.0,20.0,2025-08-19T16:29:00.0,19.0,11.0
2025-08-20,104768835,2025-08-20,100,13.0,16.0,2025-08-20T18:42:00.0,12.0,11.0
2025-08-21,104768835,2025-08-21,100,13.0,16.0,2025-08-21T18:28:00.0,15.0,10.0
2025-08-22,104768835,2025-08-22,100,13.0,16.0,2025-08-22T20:18:00.0,13.0,10.0
2025-08-23,104768835,2025-08-23,100,14.0,19.0,2025-08-23T19:50:00.0,15.0,12.0
2025-08-24,104768835,2025-08-24,100,13.0,15.0,2025-08-24T17:00:00.0,15.0,12.0
2025-08-25,104768835,2025-08-25,100,14.0,26.0,2025-08-25T18:39:00.0,13.0,12.0
2025-08-26,104768835,2025-08-26,100,15.0,19.0,2025-08-26T17:20:00.0,15.0,12.0
2025-08-27,104768835,2025-08-27,100,14.0,16.0,2025-08-27T18:14:00.0,13.0,10.0
2025-08-28,104768835,2025-08-28,100,14.0,22.0,2025-08-28T21:14:00.0,14.0,12.0
2025-08-29,104768835,2025-08-29,100,13.0,17.0,2025-08-29T17:22:00.0,15.0,11.0
2025-08-30,104768835,2025-08-30,100,13.0,16.0,2025-08-30T09:08:00.0,13.0,11.0
2025-08-31,104768835,2025-08-31,100,14.0,15.0,2025-08-31T22:00:00.0,12.0,11.0
2025-09-01,104768835,2025-09-01,100,13.0,15.0,2025-09-01T18:17:00.0,14.0,10.0
2025-09-02,104768835,2025-09-02,100,14.0,18.0,2025-09-02T17:39:00.0,13.0,12.0
2025-09-03,104768835,2025-09-03,100,13.0,15.0,2025-09-03T19:34:00.0,13.0,10.0
2025-09-04,104768835,2025-09-04,100,14.0,21.0,2025-09-04T19:10:00.0,14.0,9.0
2025-09-05,104768835,2025-09-05,100,14.0,20.0,2025-09-05T17:48:00.0,14.0,12.0
2025-09-06,104768835,2025-09-06,100,13.0,16.0,2025-09-06T17:27:00.0,14.0,10.0
2025-09-07,104768835,2025-09-07,100,13.0,16.0,2025-09-07T17:38:00.0,13.0,10.0
2025-09-08,104768835,2025-09-08,100,14.0,20.0,2025-09-08T22:00:00.0,13.0,11.0
2025-09-09,104768835,2025-09-09,100,13.0,16.0,2025-09-09T22:00:00.0,12.0,9.0
2025-09-10,104768835,2025-09-10,100,14.0,21.0,2025-09-10T19:14:00.0,14.0,10.0
2025-09-11,104768835,2025-09-11,100,14.0,19.0,2025-09-11T22:00:00.0,13.0,12.0
2025-09-12,104768835,2025-09-12,100,13.0,21.0,2025-09-12T22:00:00.0,11.0,9.0
2025-09-13,104768835,2025-09-13,100,13.0,16.0,2025-09-13T19:38:00.0,16.0,9.0
2025-09-14,104768835,2025-09-14,100,14.0,21.0,2025-09-14T19:23:00.0,16.0,12.0
2025-09-15,104768835,2025-09-15,100,13.0,15.0,2025-09-15T19:49:00.0,11.0,9.0
2025-09-16,104768835,2025-09-16,100,14.0,20.0,2025-09-16T17:21:00.0,12.0,11.0
2025-09-17,104768835,2025-09-17,100,13.0,17.0,2025-09-17T18:57:00.0,11.0,11.0
2025-09-18,104768835,2025-09-18,100,14.0,20.0,2025-09-18T22:00:00.0,17.0,10.0
2025-09-19,104768835,2025-09-19,100,13.0,18.0,2025-09-19T17:53:00.0,10.0,10.0
2025-09-20,104768835,2025-09-20,100,13.0,16.0,2025-09-20T18:59:00.0,12.0,10.0
2025-09-22,104768835,2025-09-22,100,13.0,16.0,2025-09-22T17:39:00.0,13.0,9.0
2025-09-23,104768835,2025-09-23,100,13.0,15.0,2025-09-23T18:53:00.0,15.0,10.0
2025-09-24,104768835,2025-09-24,100,13.0,15.0,2025-09-24T18:42:00.0,15.0,11.0
2025-09-25,104768835,2025-09-25,100,13.0,14.0,2025-09-25T19:04:00.0,13.0,13.0
2025-09-26,104768835,2025-09-26,100,13.0,19.0,2025-09-26T22:00:00.0,12.0,10.0
2025-09-27,104768835,2025-09-27,100,13.0,16.0,2025-09-27T22:00:00.0,13.0,10.0
2025-09-28,104768835,2025-09-28,100,13.0,19.0,2025-09-28T22:00:00.0,12.0,10.0
2025-09-29,104768835,2025-09-29,100,13.0,22.0,2025-09-29T18:27:00.0,14.0,9.0
2025-09-30,104768835,2025-09-30,100,14.0,21.0,2025-09-30T18:53:00.0,14.0,12.0
2025-10-01,104768835,2025-10-01,100,13.0,19.0,2025-10-01T18:30:00.0,16.0,10.0
2025-10-02,104768835,2025-10-02,100,13.0,18.0,2025-10-02T22:00:00.0,15.0,11.0
2025-10-03,104768835,2025-10-03,100,14.0,19.0,2025-10-03T16:52:00.0,16.0,10.0
2025-10-06,104768835,2025-10-06,100,13.0,14.0,2025-10-06T18:10:00.0,14.0,12.0
2025-10-07,104768835,2025-10-07,100,14.0,19.0,2025-10-07T19:59:00.0,14.0,11.0
2025-10-08,104768835,2025-10-08,100,14.0,20.0,2025-10-08T18:25:00.0,13.0,11.0
2025-10-09,104768835,2025-10-09,100,14.0,20.0,2025-10-09T15:01:00.0,16.0,10.0
2025-10-10,104768835,2025-10-10,100,13.0,19.0,2025-10-10T22:00:00.0,12.0,9.0
2025-10-11,104768835,2025-10-11,100,14.0,22.0,2025-10-11T21:29:00.0,13.0,9.0
2025-10-13,104768835,2025-10-13,100,13.0,20.0,2025-10-13T19:07:00.0,13.0,12.0
2025-10-14,104768835,2025-10-14,100,14.0,20.0,2025-10-14T22:00:00.0,19.0,12.0
2025-10-15,104768835,2025-10-15,100,14.0,22.0,2025-10-15T18:46:00.0,14.0,10.0
2025-10-16,104768835,2025-10-16,100,13.0,18.0,2025-10-16T18:59:00.0,18.0,10.0
2025-10-17,104768835,2025-10-17,100,14.0,22.0,2025-10-17T18:11:00.0,14.0,12.0
2025-10-18,104768835,2025-10-18,100,13.0,17.0,2025-10-18T22:00:00.0,14.0,11.0
2025-10-19,104768835,2025-10-19,100,14.0,20.0,2025-10-19T22:00:00.0,14.0,10.0
2025-10-20,104768835,2025-10-20,100,14.0,21.0,2025-10-20T22:00:00.0,13.0,10.0
2025-10-21,104768835,2025-10-21,100,14.0,22.0,2025-10-21T19:06:00.0,18.0,10.0
2025-10-22,104768835,2025-10-22,100,14.0,16.0,2025-10-22T19:29:00.0,15.0,12.0
2025-10-23,104768835,2025-10-23,100,14.0,20.0,2025-10-23T22:00:00.0,13.0,11.0
2025-10-24,104768835,2025-10-24,100,14.0,18.0,2025-10-24T17:07:00.0,15.0,10.0
2025-10-25,104768835,2025-10-25,100,14.0,16.0,2025-10-25T13:11:00.0,16.0,13.0
2025-10-26,104768835,2025-10-26,100,13.0,16.0,2025-10-26T16:31:00.0,16.0,10.0
2025-10-27,104768835,2025-10-27,100,14.0,20.0,2025-10-27T23:00:00.0,13.0,11.0
2025-10-28,104768835,2025-10-28,100,14.0,19.0,2025-10-28T22:56:00.0,13.0,10.0
2025-10-29,104768835,2025-10-29,100,14.0,19.0,2025-10-29T19:17:00.0,14.0,11.0
2025-10-30,104768835,2025-10-30,100,13.0,17.0,2025-10-30T23:00:00.0,15.0,11.0
2025-10-31,104768835,2025-10-31,100,13.0,16.0,2025-10-31T22:57:00.0,13.0,9.0
2025-11-01,104768835,2025-11-01,100,13.0,18.0,2025-11-01T23:00:00.0,12.0,9.0
2025-11-02,104768835,2025-11-02,100,13.0,18.0,2025-11-02T23:00:00.0,9.0,8.0
2025-11-03,104768835,2025-11-03,100,14.0,20.0,2025-11-03T20:20:00.0,15.0,9.0
2025-11-04,104768835,2025-11-04,100,14.0,20.0,2025-11-04T15:19:00.0,13.0,10.0
2025-11-05,104768835,2025-11-05,100,14.0,19.0,2025-11-05T19:33:00.0,15.0,11.0
2025-11-06,104768835,2025-11-06,100,14.0,16.0,2025-11-06T23:00:00.0,12.0,11.0
2025-11-07,104768835,2025-11-07,100,14.0,20.0,2025-11-07T22:59:00.0,13.0,9.0
2025-11-08,104768835,2025-11-08,100,14.0,19.0,2025-11-08T20:46:00.0,13.0,11.0
2025-11-09,104768835,2025-11-09,100,13.0,17.0,2025-11-09T19:20:00.0,10.0,10.0
2025-11-10,104768835,2025-11-10,100,14.0,20.0,2025-11-10T22:31:00.0,13.0,12.0
2025-11-11,104768835,2025-11-11,100,14.0,18.0,2025-11-11T23:00:00.0,13.0,12.0
2025-11-12,104768835,2025-11-12,100,14.0,19.0,2025-11-12T21:22:00.0,19.0,10.0
2025-11-13,104768835,2025-11-13,100,14.0,20.0,2025-11-13T17:46:00.0,14.0,12.0
2025-11-14,104768835,2025-11-14,100,14.0,17.0,2025-11-14T20:00:00.0,14.0,12.0
2025-11-15,104768835,2025-11-15,100,13.0,16.0,2025-11-15T23:00:00.0,14.0,10.0
2025-11-16,104768835,2025-11-16,100,14.0,21.0,2025-11-16T22:39:00.0,15.0,12.0
2025-11-17,104768835,2025-11-17,100,14.0,21.0,2025-11-17T18:55:00.0,11.0,11.0
2025-11-18,104768835,2025-11-18,100,14.0,20.0,2025-11-18T23:00:00.0,12.0,11.0
2025-11-19,104768835,2025-11-19,100,13.0,16.0,2025-11-19T21:18:00.0,16.0,9.0
2025-11-20,104768835,2025-11-20,100,14.0,20.0,2025-11-20T23:00:00.0,14.0,9.0
2025-11-21,104768835,2025-11-21,100,13.0,21.0,2025-11-21T23:00:00.0,11.0,9.0
2025-11-22,104768835,2025-11-22,100,14.0,20.0,2025-11-22T19:22:00.0,14.0,9.0
2025-11-23,104768835,2025-11-23,100,14.0,20.0,2025-11-23T19:29:00.0,19.0,11.0
2025-11-24,104768835,2025-11-24,100,14.0,20.0,2025-11-24T23:00:00.0,12.0,10.0
2025-11-25,104768835,2025-11-25,100,14.0,22.0,2025-11-25T23:00:00.0,13.0,9.0
2025-11-26,104768835,2025-11-26,100,14.0,24.0,2025-11-26T20:13:00.0,15.0,9.0
2025-11-27,104768835,2025-11-27,100,14.0,20.0,2025-11-27T23:00:00.0,13.0,10.0
2025-11-28,104768835,2025-11-28,100,14.0,21.0,2025-11-28T20:52:00.0,14.0,9.0
2025-11-29,104768835,2025-11-29,100,14.0,21.0,2025-11-29T22:29:00.0,20.0,12.0
2025-11-30,104768835,2025-11-30,100,14.0,23.0,2025-11-30T20:41:00.0,14.0,9.0
2025-12-01,104768835,2025-12-01,100,14.0,21.0,2025-12-01T23:00:00.0,12.0,11.0
2025-12-02,104768835,2025-12-02,100,14.0,22.0,2025-12-02T21:24:00.0,22.0,9.0
2025-12-03,104768835,2025-12-03,100,14.0,21.0,2025-12-03T19:44:00.0,19.0,12.0
2025-12-04,104768835,2025-12-04,100,13.0,20.0,2025-12-04T19:06:00.0,13.0,12.0
2025-12-05,104768835,2025-12-05,100,14.0,20.0,2025-12-05T23:00:00.0,13.0,11.0
2025-12-06,104768835,2025-12-06,100,14.0,21.0,2025-12-06T20:52:00.0,14.0,10.0
2025-12-07,104768835,2025-12-07,100,14.0,19.0,2025-12-07T18:15:00.0,12.0,11.0
2025-12-08,104768835,2025-12-08,100,13.0,16.0,2025-12-08T19:14:00.0,14.0,10.0
2025-12-09,104768835,2025-12-09,100,14.0,21.0,2025-12-09T19:55:00.0,15.0,12.0
2025-12-10,104768835,2025-12-10,100,14.0,20.0,2025-12-10T21:10:00.0,13.0,12.0
2025-12-11,104768835,2025-12-11,100,14.0,20.0,2025-12-11T23:00:00.0,14.0,11.0
2025-12-12,104768835,2025-12-12,100,14.0,24.0,2025-12-12T14:24:00.0,17.0,11.0
2025-12-13,104768835,2025-12-13,100,13.0,19.0,2025-12-13T21:34:00.0,13.0,12.0
2025-12-14,104768835,2025-12-14,100,14.0,21.0,2025-12-14T20:29:00.0,15.0,11.0
2025-12-15,104768835,2025-12-15,100,14.0,20.0,2025-12-15T23:00:00.0,12.0,10.0
2025-12-16,104768835,2025-12-16,100,14.0,22.0,2025-12-16T23:00:00.0,13.0,9.0
2025-12-17,104768835,2025-12-17,100,14.0,21.0,2025-12-17T20:41:00.0,15.0,9.0
2025-12-18,104768835,2025-12-18,100,14.0,21.0,2025-12-18T20:52:00.0,16.0,11.0
2025-12-19,104768835,2025-12-19,100,14.0,19.0,2025-12-19T22:59:00.0,12.0,10.0
2025-12-20,104768835,2025-12-20,100,14.0,20.0,2025-12-20T18:36:00.0,13.0,9.0
2025-12-21,104768835,2025-12-21,100,14.0,20.0,2025-12-21T21:14:00.0,14.0,12.0
2025-12-22,104768835,2025-12-22,100,13.0,16.0,2025-12-22T21:19:00.0,16.0,11.0
2025-12-23,104768835,2025-12-23,100,14.0,21.0,2025-12-23T19:08:00.0,16.0,12.0
2025-12-24,104768835,2025-12-24,100,14.0,20.0,2025-12-24T22:59:00.0,13.0,10.0
2025-12-25,104768835,2025-12-25,100,14.0,19.0,2025-12-25T22:30:00.0,13.0,12.0
2025-12-26,104768835,2025-12-26,100,14.0,21.0,2025-12-26T23:00:00.0,14.0,11.0
2025-12-27,104768835,2025-12-27,100,14.0,20.0,2025-12-27T23:00:00.0,14.0,10.0
2025-12-28,104768835,2025-12-28,100,14.0,19.0,2025-12-28T19:54:00.0,12.0,10.0
2025-12-29,104768835,2025-12-29,100,14.0,20.0,2025-12-29T17:49:00.0,13.0,12.0
2025-12-30,104768835,2025-12-30,100,14.0,21.0,2025-12-30T23:00:00.0,13.0,11.0
2025-12-31,104768835,2025-12-31,100,14.0,21.0,2025-12-31T16:50:00.0,13.0,8.0
2026-01-01,104768835,2026-01-01,100,15.0,19.0,2026-01-01T23:00:00.0,13.0,12.0
2026-01-02,104768835,2026-01-02,100,14.0,19.0,2026-01-02T19:45:00.0,15.0,11.0
2026-01-03,104768835,2026-01-03,100,14.0,20.0,2026-01-03T16:20:00.0,13.0,11.0
2026-01-04,104768835,2026-01-04,100,14.0,19.0,2026-01-04T18:57:00.0,14.0,11.0
2026-01-05,104768835,2026-01-05,100,14.0,22.0,2026-01-05T23:00:00.0,17.0,9.0
2026-01-06,104768835,2026-01-06,100,14.0,20.0,2026-01-06T23:00:00.0,14.0,9.0
2026-01-07,104768835,2026-01-07,100,14.0,22.0,2026-01-07T22:59:00.0,13.0,8.0
2026-01-08,104768835,2026-01-08,100,14.0,21.0,2026-01-08T23:00:00.0,12.0,10.0
2026-01-09,104768835,2026-01-09,100,14.0,20.0,2026-01-09T20:10:00.0,13.0,9.0
2026-01-10,104768835,2026-01-10,100,14.0,20.0,2026-01-10T17:06:00.0,13.0,10.0
2026-01-11,104768835,2026-01-11,100,14.0,16.0,2026-01-11T16:40:00.0,13.0,12.0
2026-01-12,104768835,2026-01-12,100,14.0,21.0,2026-01-12T23:00:00.0,9.0,9.0
2026-01-13,104768835,2026-01-13,100,14.0,21.0,2026-01-13T23:00:00.0,13.0,9.0
2026-01-14,104768835,2026-01-14,100,13.0,20.0,2026-01-14T20:20:00.0,14.0,9.0
2026-01-15,104768835,2026-01-15,100,14.0,21.0,2026-01-15T20:44:00.0,13.0,12.0
2026-01-16,104768835,2026-01-16,100,14.0,20.0,2026-01-16T19:07:00.0,18.0,12.0
2026-01-17,104768835,2026-01-17,100,14.0,20.0,2026-01-17T23:00:00.0,12.0,10.0
2026-01-18,104768835,2026-01-18,100,13.0,23.0,2026-01-18T23:00:00.0,11.0,10.0
2026-01-19,104768835,2026-01-19,100,14.0,23.0,2026-01-19T18:28:00.0,14.0,9.0
2026-01-20,104768835,2026-01-20,100,14.0,21.0,2026-01-20T20:40:00.0,17.0,12.0
2026-01-21,104768835,2026-01-21,100,14.0,20.0,2026-01-21T20:06:00.0,14.0,12.0
2026-01-22,104768835,2026-01-22,100,14.0,21.0,2026-01-22T23:00:00.0,12.0,11.0
2026-01-23,104768835,2026-01-23,100,13.0,16.0,2026-01-23T19:06:00.0,13.0,9.0
2026-01-24,104768835,2026-01-24,100,14.0,21.0,2026-01-24T21:22:00.0,13.0,11.0
2026-01-25,104768835,2026-01-25,100,13.0,15.0,2026-01-25T13:21:00.0,13.0,10.0
2026-01-26,104768835,2026-01-26,100,14.0,19.0,2026-01-26T19:23:00.0,14.0,12.0
2026-01-27,104768835,2026-01-27,100,14.0,22.0,2026-01-27T21:32:00.0,14.0,11.0
2026-01-28,104768835,2026-01-28,100,14.0,20.0,2026-01-28T19:57:00.0,11.0,11.0
2026-01-29,104768835,2026-01-29,100,14.0,20.0,2026-01-29T23:00:00.0,13.0,12.0
2026-01-30,104768835,2026-01-30,100,13.0,16.0,2026-01-30T19:55:00.0,15.0,9.0
2026-01-31,104768835,2026-01-31,100,15.0,21.0,2026-01-31T18:50:00.0,13.0,12.0
2026-02-01,104768835,2026-02-01,100,14.0,21.0,2026-02-01T19:50:00.0,15.0,11.0
2026-02-02,104768835,2026-02-02,100,14.0,19.0,2026-02-02T22:59:00.0,14.0,10.0
2026-02-03,104768835,2026-02-03,100,14.0,20.0,2026-02-03T23:00:00.0,14.0,9.0
2026-02-04,104768835,2026-02-04,100,14.0,20.0,2026-02-04T18:34:00.0,13.0,11.0
2026-02-05,104768835,2026-02-05,100,14.0,20.0,2026-02-05T20:09:00.0,15.0,12.0
2026-02-06,104768835,2026-02-06,100,14.0,21.0,2026-02-06T19:28:00.0,14.0,12.0
2026-02-07,104768835,2026-02-07,100,13.0,19.0,2026-02-07T19:15:00.0,13.0,11.0
2026-02-08,104768835,2026-02-08,100,14.0,21.0,2026-02-08T23:00:00.0,13.0,9.0
2026-02-09,104768835,2026-02-09,100,13.0,18.0,2026-02-09T19:44:00.0,13.0,9.0
2026-02-10,104768835,2026-02-10,100,14.0,21.0,2026-02-10T23:00:00.0,13.0,12.0
2026-02-11,104768835,2026-02-11,100,14.0,21.0,2026-02-11T20:18:00.0,16.0,11.0
2026-02-12,104768835,2026-02-12,100,14.0,21.0,2026-02-12T18:43:00.0,16.0,12.0
2026-02-13,104768835,2026-02-13,100,13.0,19.0,2026-02-13T21:03:00.0,13.0,10.0
2026-02-14,104768835,2026-02-14,100,14.0,20.0,2026-02-14T22:59:00.0,14.0,11.0
2026-02-15,104768835,2026-02-15,100,14.0,21.0,2026-02-15T23:00:00.0,15.0,9.0
2026-02-16,104768835,2026-02-16,100,14.0,21.0,2026-02-16T21:04:00.0,13.0,9.0
2026-02-17,104768835,2026-02-17,100,14.0,21.0,2026-02-17T23:00:00.0,14.0,12.0
2026-02-18,104768835,2026-02-18,100,13.0,19.0,2026-02-18T20:11:00.0,14.0,10.0
2026-02-19,104768835,2026-02-19,100,14.0,21.0,2026-02-19T22:00:00.0,12.0,12.0
2026-02-20,104768835,2026-02-20,100,14.0,19.0,2026-02-20T23:00:00.0,10.0,10.0
2026-02-21,104768835,2026-02-21,100,14.0,21.0,2026-02-21T20:51:00.0,14.0,8.0
2026-02-22,104768835,2026-02-22,100,14.0,16.0,2026-02-22T19:21:00.0,14.0,12.0
2026-02-23,104768835,2026-02-23,100,14.0,20.0,2026-02-23T23:00:00.0,13.0,11.0
2026-02-24,104768835,2026-02-24,100,14.0,20.0,2026-02-24T23:00:00.0,9.0,9.0
2026-02-25,104768835,2026-02-25,100,14.0,20.0,2026-02-25T19:20:00.0,14.0,9.0
2026-02-26,104768835,2026-02-26,100,14.0,21.0,2026-02-26T23:00:00.0,13.0,12.0
2026-02-27,104768835,2026-02-27,100,14.0,20.0,2026-02-27T23:00:00.0,12.0,11.0
2026-02-28,104768835,2026-02-28,100,14.0,16.0,2026-02-28T18:18:00.0,14.0,9.0
2026-03-01,104768835,2026-03-01,100,14.0,21.0,2026-03-01T22:59:00.0,13.0,11.0
2026-03-02,104768835,2026-03-02,100,14.0,20.0,2026-03-02T19:17:00.0,14.0,10.0
2026-03-03,104768835,2026-03-03,100,13.0,20.0,2026-03-03T20:32:00.0,12.0,12.0
2026-03-04,104768835,2026-03-04,100,14.0,20.0,2026-03-04T18:04:00.0,14.0,11.0
2026-03-05,104768835,2026-03-05,100,14.0,21.0,2026-03-05T18:48:00.0,19.0,12.0
2026-03-06,104768835,2026-03-06,100,13.0,16.0,2026-03-06T18:46:00.0,13.0,10.0
2026-03-07,104768835,2026-03-07,100,14.0,20.0,2026-03-07T20:00:00.0,15.0,12.0
2026-03-08,104768835,2026-03-08,100,14.0,20.0,2026-03-08T23:00:00.0,14.0,11.0
2026-03-09,104768835,2026-03-09,100,14.0,20.0,2026-03-09T23:00:00.0,13.0,10.0
2026-03-10,104768835,2026-03-10,100,14.0,19.0,2026-03-10T23:00:00.0,14.0,9.0
2026-03-11,104768835,2026-03-11,100,14.0,19.0,2026-03-11T23:00:00.0,12.0,8.0
2026-03-12,104768835,2026-03-12,100,14.0,21.0,2026-03-12T23:00:00.0,13.0,10.0
2026-03-13,104768835,2026-03-13,100,13.0,16.0,2026-03-13T06:08:00.0,13.0,10.0
